video_id,author,comment,Unnamed: 3,model_label,model_confidence,prob_negative,prob_neutral,prob_positive,confidence_level,uncertainty,human_label,verified,verification_notes
9-poYwCZxDQ,@me.star.channel,"Mas David udah tau pesaing iPhone 17 yaitu Xiomi 17 pro max coba unboxing atau bahas yah tentang Xiomi 17 Pro Max yg melompat 1 tangga (series 16) utk menjegal iPhone 17, yg akan release tgl 25 September 2025.",,1,0.6873693769684378,0.2371074386073886,0.6873693769684378,0.0755231844241735,medium,0.3126306230315622,1.0,True,
9-poYwCZxDQ,@mjoesuviumarkham1312,Inner Childnya keluar ketika amaze??????,,1,0.6874540223273354,0.2343792277701732,0.6874540223273354,0.0781667499024914,medium,0.3125459776726645,1.0,True,
9-poYwCZxDQ,@pashadim9643,Klw bnyakn selfienya baru landscape...klw cmn berdua yv potretlah bang,,1,0.6874617892746017,0.2312822310652039,0.6874617892746017,0.0812559796601943,medium,0.3125382107253983,1.0,True,
9-poYwCZxDQ,@irsyad116,Ban coba cari hp TECNO SPARK 40 mirip iphone banget njir wkwk,,1,0.6875601941907162,0.2321670651668683,0.6875601941907162,0.0802727406424153,medium,0.3124398058092837,1.0,True,
9-poYwCZxDQ,@rahmatwijaya9797,"Nonton pake iQOO 13, sambil nunggu iQOO 14 keluar ??",,1,0.6877269843797003,0.2363874880464901,0.6877269843797003,0.0758855275738095,medium,0.3122730156202997,1.0,True,
9-poYwCZxDQ,@DaniRamdani-r8z,Mau dong hp nya KA David   hp aja boleh,,1,0.6877713822036897,0.2356372624273094,0.6877713822036897,0.0765913553690006,medium,0.3122286177963103,1.0,True,
9-poYwCZxDQ,@HeryWawan-qm7sq,Coba unboxing XIAOMI 17 Pro atau 17 Pro max dengan iPhone 17,,1,0.6878611468210962,0.2328427519832929,0.6878611468210962,0.0792961011956109,medium,0.3121388531789038,1.0,True,
9-poYwCZxDQ,@mazzwayne,"Kapan yahhh,kapan² woilah cik??",,1,0.6878969582255332,0.2352568535464992,0.6878969582255332,0.0768461882279675,medium,0.3121030417744668,1.0,True,
9-poYwCZxDQ,@GoogleCrome-l9m,Kapan gopix,,1,0.6878969582255332,0.2352568535464992,0.6878969582255332,0.0768461882279675,medium,0.3121030417744668,1.0,True,
9-poYwCZxDQ,@dedezredruby,"<a href=""https://www.youtube.com/watch?v=9-poYwCZxDQ&amp;t=894"">14:54</a> 60hz iPhone kan setara 540hz android bang????",,1,0.688299110515083,0.2364509156532564,0.688299110515083,0.0752499738316605,medium,0.311700889484917,0.0,True,
O2xb1lVqUv4,@ericlie145,Sedang menunggu xiaomi 17,,1,0.6883129550748699,0.236788817561672,0.6883129550748699,0.0748982273634579,medium,0.3116870449251301,1.0,True,
9-poYwCZxDQ,@muhamadandy99,Menunggu XIAOMI 17,,1,0.6883129550748699,0.236788817561672,0.6883129550748699,0.0748982273634579,medium,0.3116870449251301,1.0,True,
9-poYwCZxDQ,@barmawii,Gw masih staytune di 11 inih. ??????,,1,0.688619834541352,0.2347024256437195,0.688619834541352,0.0766777398149284,medium,0.311380165458648,1.0,True,
9-poYwCZxDQ,@MyName-wo4fr,Bang mint saran hp samsung 5jutaan buat harian aja,,1,0.6886464232784074,0.2342793998337603,0.6886464232784074,0.0770741768878322,medium,0.3113535767215926,1.0,True,
9-poYwCZxDQ,@ugasrgr,"<a href=""https://www.youtube.com/watch?v=9-poYwCZxDQ&amp;t=54"">0:54</a> pajak yang dibayarkan untuk sumbangan hidup mewah pejabat indonesia??",,1,0.6889108023541638,0.2357956585822737,0.6889108023541638,0.0752935390635624,medium,0.3110891976458362,0.0,True,
9-poYwCZxDQ,@saiyanchan5645,USB C nya masih 2.0 entah kapan 3.2 ??,,1,0.6891480791451138,0.2350673951686462,0.6891480791451138,0.0757845256862399,medium,0.3108519208548862,0.0,True,
9-poYwCZxDQ,@Ayubseptiawan,"bang buat aku bng hp nya, buat konten",,1,0.6892875446211624,0.2310495268797492,0.6892875446211624,0.0796629284990884,medium,0.3107124553788376,1.0,True,
9-poYwCZxDQ,@CrowleyCordt,Lucu ya clip clip nya?? ??????????????,,1,0.6892947539832137,0.2333002669436613,0.6892947539832137,0.0774049790731248,medium,0.3107052460167863,1.0,True,
9-poYwCZxDQ,@borijakmania,Tumben pagi bgt,,1,0.6895009757991513,0.2332167642211327,0.6895009757991513,0.0772822599797159,medium,0.3104990242008487,1.0,True,
9-poYwCZxDQ,@IfulAndikaPutra,Masih stay di ip 13 basic,,1,0.6895866795882505,0.2329836205068854,0.6895866795882505,0.0774296999048641,medium,0.3104133204117495,1.0,True,
O2xb1lVqUv4,@handrywang,"To be fair, saking pinternya Pak Dedy, sampai2 <b>maaf</b> kali ini Bang Helmy agak susah ngimbangi pembicaraan, terkesan loncat2 topiknya, but it&#39;s okay, memang harus sedalam itu ilmu technya supaya bisa mengimbangi om Dedy ????",,1,0.6896149843529717,0.2341881883537135,0.6896149843529717,0.0761968272933147,medium,0.3103850156470282,1.0,True,
9-poYwCZxDQ,@antospeak6672,Di jual ga bang ip 17 nya,,1,0.6896222598574028,0.1047579287261177,0.6896222598574028,0.2056198114164795,medium,0.3103777401425972,1.0,True,
9-poYwCZxDQ,@riniabidin1663,Pas hape nya di ketok jiwa miskinku bergetar takut hp nya kenapa2,,1,0.689626530035717,0.231462418244336,0.689626530035717,0.0789110517199469,medium,0.310373469964283,1.0,True,
9-poYwCZxDQ,@gadogado6964,Penginepan auto penuh.... om iphone om,,1,0.6900973994349202,0.2312429346328512,0.6900973994349202,0.0786596659322285,medium,0.3099026005650798,1.0,True,
9-poYwCZxDQ,@luckyyulimanputra-ef9lj,Bang minta rekomendasi dong kira kira ada ga hp harga 3-4 jutaan bisa delta force 120 fps sama baterai besar,,1,0.6902009197619091,0.2339804434062665,0.6902009197619091,0.0758186368318242,medium,0.3097990802380909,1.0,True,
9-poYwCZxDQ,@masogen4432,Bang bahas itel s26 ultra dong,,1,0.6902821407596397,0.2348150258903719,0.6902821407596397,0.0749028333499882,medium,0.3097178592403603,1.0,True,
9-poYwCZxDQ,@-GABISAMAIN-,Bang bahas itel s26 ultra dong,,1,0.6902821407596397,0.2348150258903719,0.6902821407596397,0.0749028333499882,medium,0.3097178592403603,1.0,True,
9-poYwCZxDQ,@ARZLRZL,Saran dong mending iphone 17 pro atau xiaomi note 9 ?,,1,0.6902986828075909,0.2309942841235779,0.6902986828075909,0.0787070330688312,medium,0.3097013171924091,1.0,True,
9-poYwCZxDQ,@AeGot,"<a href=""https://www.youtube.com/watch?v=9-poYwCZxDQ&amp;t=1504"">25:04</a> ketawanya david garing banget hahahaha",,1,0.690319991840604,0.2320069807492841,0.690319991840604,0.0776730274101118,medium,0.309680008159396,1.0,True,
9-poYwCZxDQ,@hilmanajah80,coba untuk foto 17pro mungkin beauty nya harus di off dulu,,1,0.6905048915476979,0.2326701782208376,0.6905048915476979,0.0768249302314645,medium,0.3094951084523021,1.0,True,
9-poYwCZxDQ,@fauzanalfihidayat255,"<a href=""https://www.youtube.com/watch?v=9-poYwCZxDQ&amp;t=1042"">17:22</a> harus lebih dari 2 orang bang baru bisa auto rotate linescape<br><a href=""https://www.youtube.com/watch?v=9-poYwCZxDQ&amp;t=1870"">31:10</a> kenapa gak beli gosmic blue saja",,1,0.6905139978723196,0.2317867536899313,0.6905139978723196,0.077699248437749,medium,0.3094860021276804,1.0,True,
9-poYwCZxDQ,@zandra19,"Bang, bener gak sih kalo iPhone versi nomer genap itu cuma uji coba ke pasar, biar tau apa kurangnya dan apa yang dibutuhin pasar.",,1,0.690649099779223,0.2333605201851904,0.690649099779223,0.0759903800355865,medium,0.309350900220777,1.0,True,
9-poYwCZxDQ,@MunirMunir-e1r,bg unboxing xiomi 17 pro max,,1,0.6906942128386256,0.2345040402156681,0.6906942128386256,0.0748017469457063,medium,0.3093057871613743,1.0,True,
9-poYwCZxDQ,@waisrahman5257,"<a href=""https://www.youtube.com/watch?v=9-poYwCZxDQ&amp;t=1727"">28:47</a> Mirip ekspresi karakter yang di game Repo ??",,1,0.6907986745094876,0.2337079346580256,0.6907986745094876,0.0754933908324868,medium,0.3092013254905124,1.0,True,
9-poYwCZxDQ,@Pepz_Doang,"Nonton pake hp jadul, samsung A20 ??",,1,0.6908848628861192,0.2336948286850422,0.6908848628861192,0.0754203084288385,medium,0.3091151371138808,1.0,True,
9-poYwCZxDQ,@reydemna29,"<a href=""https://www.youtube.com/watch?v=9-poYwCZxDQ&amp;t=32"">0:32</a> Wah pajaknya kecil sekali yaa, di negara manakah ini",,1,0.6909074427166041,0.2321284374115858,0.6909074427166041,0.0769641198718101,medium,0.3090925572833959,0.0,True,
9-poYwCZxDQ,@RumahAlamOfficial,Yg nonton pake Nokia 3310 hadir,,1,0.6909127289953535,0.2350530125808481,0.6909127289953535,0.0740342584237983,medium,0.3090872710046465,1.0,True,
9-poYwCZxDQ,@PetruseAnoi,Bang Xiaomi 17 kapan reviewnya,,1,0.69115385345413,0.2345076835742612,0.69115385345413,0.0743384629716086,medium,0.3088461465458699,1.0,True,
9-poYwCZxDQ,@vickyaarisandi,Akhirnya yang ditunggu,,1,0.6912798273099688,0.2305037198083765,0.6912798273099688,0.0782164528816546,medium,0.3087201726900311,1.0,True,
9-poYwCZxDQ,@leonaprimitivetechnology,udah kebeli yang beneranya bang ..??????,,1,0.6913971171283348,0.1098823246641255,0.6913971171283348,0.1987205582075396,medium,0.3086028828716651,1.0,True,
O2xb1lVqUv4,@muhammadbarokah,Secanggih apapun sebuah smartphone klw GC ada paket dataya  mau apa kalian,,1,0.6914648990938155,0.2307651346841265,0.6914648990938155,0.0777699662220582,medium,0.3085351009061845,1.0,True,
O2xb1lVqUv4,@AdiRozak-o9g,Ku dukung siapapun narasumber pak Helmy Pi tolong blacklist penghancur timnas indo koci pelatih futsal,,1,0.6915314055094288,0.230730612545308,0.6915314055094288,0.0777379819452631,medium,0.3084685944905712,1.0,True,
O2xb1lVqUv4,@Kdwnto,Dibayar berapa sama CHINA?? Banyak pasti nihhh!??,,1,0.6915972032644175,0.2305946031512376,0.6915972032644175,0.0778081935843448,medium,0.3084027967355824,0.0,True,
9-poYwCZxDQ,@GadgetIn,"Timestamp:<br><a href=""https://www.youtube.com/watch?v=9-poYwCZxDQ"">00:00</a> iPhone 17 SERIES! +pajak<br><a href=""https://www.youtube.com/watch?v=9-poYwCZxDQ&amp;t=75"">01:15</a> Unboxing iPhone 17<br><a href=""https://www.youtube.com/watch?v=9-poYwCZxDQ&amp;t=180"">03:00</a> IJO MAHAL<br><a href=""https://www.youtube.com/watch?v=9-poYwCZxDQ&amp;t=370"">06:10</a> Saya suka Sage<br><a href=""https://www.youtube.com/watch?v=9-poYwCZxDQ&amp;t=425"">07:05</a> Aksesoris cakep buat iPhone 17<br><a href=""https://www.youtube.com/watch?v=9-poYwCZxDQ&amp;t=575"">09:35</a> Akhirnya ya, 120Hz &amp; iOS 26!!!<br><a href=""https://www.youtube.com/watch?v=9-poYwCZxDQ&amp;t=765"">12:45</a> Gini doang HEPI<br><a href=""https://www.youtube.com/watch?v=9-poYwCZxDQ&amp;t=850"">14:10</a> vs iPhone 16<br><a href=""https://www.youtube.com/watch?v=9-poYwCZxDQ&amp;t=910"">15:10</a> Bezel lebih TIPIS<br><a href=""https://www.youtube.com/watch?v=9-poYwCZxDQ&amp;t=935"">15:35</a> Kamera selfie yang bagus?<br><a href=""https://www.youtube.com/watch?v=9-poYwCZxDQ&amp;t=1050"">17:30</a> Material + sampel foto<br><a href=""https://www.youtube.com/watch?v=9-poYwCZxDQ&amp;t=1120"">18:40</a> iPhone 17 PRO!<br><a href=""https://www.youtube.com/watch?v=9-poYwCZxDQ&amp;t=1180"">19:40</a> Orangenya agak...<br><a href=""https://www.youtube.com/watch?v=9-poYwCZxDQ&amp;t=1310"">21:50</a> Desain Tom &amp; Jerry<br><a href=""https://www.youtube.com/watch?v=9-poYwCZxDQ&amp;t=1470"">24:30</a> Casing yang bikin salah paham<br><a href=""https://www.youtube.com/watch?v=9-poYwCZxDQ&amp;t=1580"">26:20</a> Kamera versus iPhone 16 Pro",,1,0.6916858667721755,0.2320501685439956,0.6916858667721755,0.076263964683829,medium,0.3083141332278245,1.0,True,
9-poYwCZxDQ,@muhamad1247,"<a href=""https://www.youtube.com/watch?v=9-poYwCZxDQ&amp;t=620"">10:20</a> semua jenis bahasa ada kyk hape lain??",,1,0.6917942742725826,0.2320210989864587,0.6917942742725826,0.0761846267409588,medium,0.3082057257274174,1.0,True,
9-poYwCZxDQ,@heraasep1287,"Xiaomi 17 pro jd penantangnya, bang.....",,1,0.6924663870502913,0.2339295460562738,0.6924663870502913,0.0736040668934348,medium,0.3075336129497087,1.0,True,
9-poYwCZxDQ,@AlkaGili,Nunggu unboxing ip 17AIr????,,1,0.692638055711062,0.2067090738721861,0.692638055711062,0.1006528704167519,medium,0.307361944288938,1.0,True,
O2xb1lVqUv4,@huricantesterlagi,"Klo bung Deddy Irfan yang bicara, gw hanya geleng plus ngangguk2 deh, dia pro di bidang gadget.",,1,0.6927569771513185,0.2264761296908409,0.6927569771513185,0.0807668931578406,medium,0.3072430228486815,1.0,True,
9-poYwCZxDQ,@nebraskaexel4775,"<a href=""https://www.youtube.com/watch?v=9-poYwCZxDQ&amp;t=733"">12:13</a>  kek tema android 3rd party",,1,0.6928245836097388,0.2311148717723178,0.6928245836097388,0.0760605446179434,medium,0.3071754163902612,1.0,True,
9-poYwCZxDQ,@mainmusic__,kapan2 review Xiaomi 17 pro max banggg,,1,0.6929257015489594,0.2329185179448245,0.6929257015489594,0.0741557805062161,medium,0.3070742984510406,1.0,True,
9-poYwCZxDQ,@aufaAzalia-n3d,REVIEW XIAOMI 17 PRO MAX??,,1,0.6929257015489594,0.2329185179448245,0.6929257015489594,0.0741557805062161,medium,0.3070742984510406,1.0,True,
9-poYwCZxDQ,@Kwr_25,menanti review XIAOMI 17 PRO MAX...,,1,0.6929257015489594,0.2329185179448245,0.6929257015489594,0.0741557805062161,medium,0.3070742984510406,1.0,True,
9-poYwCZxDQ,@ginzzCliper,Next xiaomi 17 promax,,1,0.6930584074561371,0.2312125530677843,0.6930584074561371,0.0757290394760786,medium,0.3069415925438629,1.0,True,
9-poYwCZxDQ,@Titikterangnews,"Bang david jangan keceplosan,(hijau rumah miskin) <a href=""https://www.youtube.com/watch?v=9-poYwCZxDQ&amp;t=187"">3:07</a>",,1,0.6934463616852226,0.2298135765078813,0.6934463616852226,0.0767400618068962,medium,0.3065536383147774,1.0,True,
O2xb1lVqUv4,@irawanwijaya2979,Daging tekno semuanya????,,1,0.693455615340917,0.2255111232216733,0.693455615340917,0.0810332614374097,medium,0.3065443846590829,1.0,True,
9-poYwCZxDQ,@ervnbhkti,titip sebelum ramee??,,1,0.6936439077717835,0.225362135761816,0.6936439077717835,0.0809939564664004,medium,0.3063560922282164,1.0,True,
9-poYwCZxDQ,@syycogan0279,"<a href=""https://www.youtube.com/watch?v=9-poYwCZxDQ&amp;t=185"">3:05</a> si paling",,1,0.6938083398563883,0.2255179425950193,0.6938083398563883,0.0806737175485924,medium,0.3061916601436116,1.0,True,
O2xb1lVqUv4,@kenshinhiimura5020,Ada charger nya..ada charger nya..adaa charger nyaa...,,1,0.6938967383310086,0.2279279765728967,0.6938967383310086,0.0781752850960946,medium,0.3061032616689914,1.0,True,
O2xb1lVqUv4,@playworksmart4067,"<a href=""https://www.youtube.com/watch?v=O2xb1lVqUv4&amp;t=193"">3:13</a> camera",,1,0.6939675715227855,0.2273703701315742,0.6939675715227855,0.0786620583456401,medium,0.3060324284772144,1.0,True,
9-poYwCZxDQ,@koko_wara6312,"<a href=""https://www.youtube.com/watch?v=9-poYwCZxDQ&amp;t=1440"">24:00</a> warna orange ayla, sigra, brio gak sih",,1,0.6939776667596892,0.2026888393147172,0.6939776667596892,0.1033334939255935,medium,0.3060223332403108,1.0,True,
9-poYwCZxDQ,@Pejuangrejekireceh321,kali2 bahas charger bang. karena d market place banyak charger2 berkualitas . da yang gimick ada yang jualan kualiti,,1,0.694258879627858,0.2307476809313926,0.694258879627858,0.0749934394407493,medium,0.3057411203721419,1.0,True,
9-poYwCZxDQ,@sukris_setiawan,"sangat disayangkan ip 17 frame alumunium cnc nya gampang dent ,  nggak sekuat yg titanium",,1,0.6945411688387055,0.2082752414021098,0.6945411688387055,0.0971835897591846,medium,0.3054588311612944,0.0,True,
9-poYwCZxDQ,@ridwanvlragarte831,Di indo kapan ????,,1,0.6945486796235217,0.2281836627096328,0.6945486796235217,0.0772676576668454,medium,0.3054513203764782,1.0,True,
9-poYwCZxDQ,@hilalfahmi1390,Review I-Phone vs poco,,1,0.6946143194778094,0.2297827559923154,0.6946143194778094,0.0756029245298753,medium,0.3053856805221906,1.0,True,
9-poYwCZxDQ,@muhammadabdullatip539,Saya penasaran Coba lihat produk yg ini INOI A75 Elegance 512 gb apakah benar dan produk baru dari eropa Review dong??,,1,0.6948160052918404,0.2259746514821736,0.6948160052918404,0.0792093432259859,medium,0.3051839947081596,1.0,True,
9-poYwCZxDQ,@xraycom-4522,iPhone 17pro terbaru anti gores casing nya,,1,0.6948416257060279,0.2079280057506754,0.6948416257060279,0.0972303685432966,medium,0.3051583742939721,1.0,True,
O2xb1lVqUv4,@IndoSculpting,"ada suara bayi <a href=""https://www.youtube.com/watch?v=O2xb1lVqUv4&amp;t=835"">13:55</a> ??",,1,0.6949173904847301,0.2278866213019493,0.6949173904847301,0.0771959882133206,medium,0.3050826095152699,1.0,True,
9-poYwCZxDQ,@Hafizhyansyah,"<a href=""https://www.youtube.com/watch?v=9-poYwCZxDQ&amp;t=1445"">24:05</a> pengen beli vacuum dyson jadi nya...",,1,0.6949483076387449,0.226556815210919,0.6949483076387449,0.078494877150336,medium,0.305051692361255,1.0,True,
9-poYwCZxDQ,@AditAsril-dc9oi,Kak david riview hp infinix lagi dong,,1,0.6950247450717164,0.2285921892135092,0.6950247450717164,0.0763830657147742,medium,0.3049752549282836,1.0,True,
9-poYwCZxDQ,@andreasyahrul69,"<a href=""https://www.youtube.com/watch?v=9-poYwCZxDQ&amp;t=1504"">25:04</a> NGAKAK ABIS ??????",,1,0.6950636842610882,0.2288518866396185,0.6950636842610882,0.0760844290992932,medium,0.3049363157389118,1.0,True,
9-poYwCZxDQ,@ShaqueenaAiraMecca,Bang.. Itu hp nya yang selesai di review di kemana kan ya?<br>Apakah di jual lagi ?,,1,0.6950824331061922,0.229840582301716,0.6950824331061922,0.0750769845920917,medium,0.3049175668938078,1.0,True,
9-poYwCZxDQ,@Rif_Q1,"<a href=""https://www.youtube.com/watch?v=9-poYwCZxDQ&amp;t=1320"">22:00</a> warnanya kek jaman angling dharma ??",,1,0.6953028653290789,0.2278715836170855,0.6953028653290789,0.0768255510538356,medium,0.3046971346709211,1.0,True,
9-poYwCZxDQ,@KafeelRavindra,Terimakasih banyak om @Gadgetin setidaknya tau gmn rasanya megang iPhone meski sebatas nontonin,,1,0.6954918416398523,0.2256510909087016,0.6954918416398523,0.0788570674514459,medium,0.3045081583601476,1.0,True,
9-poYwCZxDQ,@adetopanadventure6246,1 menit yang lalu,,1,0.6959857184967152,0.2249044807804351,0.6959857184967152,0.0791098007228497,medium,0.3040142815032848,1.0,True,
9-poYwCZxDQ,@arifnurrachmansaleh8621,"Saya baca di luar sana si body yang pake rangka 1 rangka dengan bahan alumunium itu gampang lecet bang, daripada seri iPhone yang pake bahan titanium",,1,0.6962584456136515,0.2246744622507161,0.6962584456136515,0.0790670921356323,medium,0.3037415543863485,0.0,True,
9-poYwCZxDQ,@fauzialfaritsi2811,Xiaomi 17 pro max bang,,1,0.6962796102319423,0.2293676384460722,0.6962796102319423,0.0743527513219855,medium,0.3037203897680577,1.0,True,
O2xb1lVqUv4,@kautjankgame4446,Dan masih banyak yang bilang om ded orangnya samsung...??????,,1,0.6962973981131872,0.2243081048321728,0.6962973981131872,0.0793944970546398,medium,0.3037026018868127,1.0,True,
9-poYwCZxDQ,@Pagidoz,Sedang menunggu 13 pro turun harga,,1,0.6965019952032782,0.223203093733599,0.6965019952032782,0.0802949110631227,medium,0.3034980047967218,1.0,True,
9-poYwCZxDQ,@AliZein-v7d9d,"Gua ga minat ipong??...bang xiomi 17 pro max...tolong hadirin ...gua cumn ngestak di redmi note 1o pro doang ..mau buka tabungan buat beli langsung loncat yg 17 pro max ... semogaa aja ada nih bang,ayo lah bang xiomi 17 pro max ??",,1,0.6965629872234249,0.2256204681140029,0.6965629872234249,0.0778165446625721,medium,0.3034370127765751,0.0,True,
9-poYwCZxDQ,@Ummah878,"Nex HP 2 jutaan, yang cocok buat ngonten dan bisnis online dong bang..????",,1,0.6967212311144342,0.2279588143092907,0.6967212311144342,0.075319954576275,medium,0.3032787688855658,1.0,True,
9-poYwCZxDQ,@Ummah878,"Nex HP 2 jutaan, yang cocok buat ngonten dan bisnis online dong bang..????",,1,0.6967212311144342,0.2279588143092907,0.6967212311144342,0.075319954576275,medium,0.3032787688855658,1.0,True,
9-poYwCZxDQ,@Ummah878,"Nex HP 2 jutaan, yang cocok buat ngonten dan bisnis online dong bang..????",,1,0.6967212311144342,0.2279588143092907,0.6967212311144342,0.075319954576275,medium,0.3032787688855658,1.0,True,
9-poYwCZxDQ,@Ummah878,"Nex HP 2 jutaan, yang cocok buat ngonten dan bisnis online dong bang..????",,1,0.6967212311144342,0.2279588143092907,0.6967212311144342,0.075319954576275,medium,0.3032787688855658,1.0,True,
9-poYwCZxDQ,@Ummah878,"Nex HP 2 jutaan, yang cocok buat ngonten dan bisnis online dong bang..????",,1,0.6967212311144342,0.2279588143092907,0.6967212311144342,0.075319954576275,medium,0.3032787688855658,1.0,True,
9-poYwCZxDQ,@jhonwickk-f2c,"w penasaran bgt sma sama hp yg d riview ini, abis d review di kemana in ya",,1,0.6967243161284429,0.2250941215814891,0.6967243161284429,0.0781815622900679,medium,0.3032756838715571,1.0,True,
9-poYwCZxDQ,@Santosobasudara,"<a href=""https://www.youtube.com/watch?v=9-poYwCZxDQ&amp;t=213"">3:33</a> sage adalah kebijaksanaan ??",,1,0.6967873272484401,0.2269249108907013,0.6967873272484401,0.0762877618608585,medium,0.3032126727515599,1.0,True,
9-poYwCZxDQ,@naufalaflahubaiddillah760,"<a href=""https://www.youtube.com/watch?v=9-poYwCZxDQ&amp;t=790"">13:10</a> yaelah niru ONE UI 5.1 hahahaaa (aku coba di A51 juga bisa) hahahahaaa",,1,0.6968329792281516,0.2247151183403735,0.6968329792281516,0.078451902431475,medium,0.3031670207718484,1.0,True,
9-poYwCZxDQ,@alphaomega1460,Iphone 15 masi worth it kayak nya di CO 2025?? kalo harga nya uda 9 jutaan,,1,0.6969451595338761,0.2073552443040683,0.6969451595338761,0.0956995961620554,medium,0.3030548404661238,1.0,True,
9-poYwCZxDQ,@ArdaHandikaPradana,Wah mantab!!??,,1,0.6973740363417422,0.2222337887493707,0.6973740363417422,0.080392174908887,medium,0.3026259636582578,2.0,True,
O2xb1lVqUv4,@hunterxhunter777,"<a href=""https://www.youtube.com/watch?v=O2xb1lVqUv4&amp;t=2773"">46:13</a>",,1,0.6973951649700987,0.2239939555883309,0.6973951649700987,0.0786108794415703,medium,0.3026048350299013,1.0,True,
9-poYwCZxDQ,@fadelgbastian2349,Nunggu ip 17 base model turun harga kek ip 15 jadi 10 jutaan hehehe,,1,0.697534297897548,0.2057674436149469,0.697534297897548,0.0966982584875051,medium,0.302465702102452,1.0,True,
9-poYwCZxDQ,@ArifRNS0.11,"<a href=""https://www.youtube.com/watch?v=9-poYwCZxDQ&amp;t=35"">0:35</a> berapa tadi!????",,1,0.6978613011023982,0.225300710612872,0.6978613011023982,0.0768379882847298,medium,0.3021386988976018,1.0,True,
9-poYwCZxDQ,@muhyiddin__5638,"<a href=""https://www.youtube.com/watch?v=9-poYwCZxDQ&amp;t=1477"">24:37</a> kek lagi jualan aja??",,1,0.6979831898247186,0.2232462961885072,0.6979831898247186,0.0787705139867741,medium,0.3020168101752813,1.0,True,
9-poYwCZxDQ,@ralleando,"<a href=""https://www.youtube.com/watch?v=9-poYwCZxDQ&amp;t=1421"">23:41</a> mau bilang design belang aneh tapi ga enakan<br><a href=""https://www.youtube.com/watch?v=9-poYwCZxDQ&amp;t=1523"">25:23</a> daripada belang lebih baik ditutup semua",,1,0.6979940707295766,0.2232766528936885,0.6979940707295766,0.0787292763767348,medium,0.3020059292704233,0.0,True,
9-poYwCZxDQ,@FunRun-dw5qk,Bang lain kali kalau Tes gaming main Minecraft pake shader yang mirip PC itu lahh,,1,0.6983929456372531,0.2053632866874929,0.6983929456372531,0.096243767675254,medium,0.3016070543627469,1.0,True,
O2xb1lVqUv4,@RakaHades13,om ded...<br>Ada cargernyaa... Ada cargernya... Ada cargernyaaaaaaaaaaa.....,,1,0.6985208710694965,0.2256049733975572,0.6985208710694965,0.0758741555329464,medium,0.3014791289305035,1.0,True,
9-poYwCZxDQ,@umars,"<a href=""https://www.youtube.com/watch?v=9-poYwCZxDQ&amp;t=1478"">24:38</a> KALO MISALNYA NYESEL ??",,1,0.698596726138874,0.2249627604572198,0.698596726138874,0.0764405134039061,medium,0.301403273861126,0.0,True,
9-poYwCZxDQ,@aaliyahlshd,"<a href=""https://www.youtube.com/watch?v=9-poYwCZxDQ&amp;t=1504"">25:04</a> ikut ngakak aihhh",,1,0.698630882420956,0.2232610238684818,0.698630882420956,0.0781080937105622,medium,0.301369117579044,1.0,True,
9-poYwCZxDQ,@ramlisyarif9962,Menunggu xiaomi 17 rilis??,,1,0.698842632443436,0.2256437930823218,0.698842632443436,0.075513574474242,medium,0.3011573675565639,1.0,True,
9-poYwCZxDQ,@AlfaMarket-j1w1q,Hp idaman warga Konoha rilis lagi??,,1,0.6989060132594735,0.2237436281907024,0.6989060132594735,0.0773503585498238,medium,0.3010939867405264,1.0,True,
9-poYwCZxDQ,@radityaalifgalangsamudra5351,Bang itel s26 ultra kapan bang,,1,0.6990243057726596,0.2235127252357513,0.6990243057726596,0.077462968991589,medium,0.3009756942273404,1.0,True,
9-poYwCZxDQ,@JiiSaa22,"<a href=""https://www.youtube.com/watch?v=9-poYwCZxDQ&amp;t=314"">5:14</a> kukira Antena 5G karna hp inter ??????",,1,0.6991356320150132,0.2233098422991482,0.6991356320150132,0.0775545256858386,medium,0.3008643679849868,1.0,True,
9-poYwCZxDQ,@chairunnasikhin7723,unboxing Xiaomi 15T dan 15T Pro,,1,0.6991727345942296,0.2227919299176862,0.6991727345942296,0.0780353354880842,medium,0.3008272654057704,1.0,True,
9-poYwCZxDQ,@penanusantara4827,"<a href=""https://www.youtube.com/watch?v=9-poYwCZxDQ&amp;t=984"">16:24</a> apa istimewanya di andorid udh dr dulu",,1,0.6993493950003374,0.2214424910146649,0.6993493950003374,0.0792081139849975,medium,0.3006506049996625,0.0,True,
9-poYwCZxDQ,@muhammadajipilarjagad6217,Bang gw nonton ini masih pake infinix note 30 pro ??,,1,0.6993967615414761,0.2241131713623977,0.6993967615414761,0.0764900670961262,medium,0.3006032384585239,1.0,True,
9-poYwCZxDQ,@aldifirman1920,"<a href=""https://www.youtube.com/watch?v=9-poYwCZxDQ&amp;t=1465"">24:25</a> &quot;Apalagi teknologi yang orange? Pepaya&quot; ngakak bet????",,1,0.6994135070350256,0.2220795087578518,0.6994135070350256,0.0785069842071226,medium,0.3005864929649744,0.0,True,
9-poYwCZxDQ,@Duhhh-666,"<a href=""https://www.youtube.com/watch?v=9-poYwCZxDQ&amp;t=1754"">29:14</a> sao araki versi cwo",,1,0.6995511858430792,0.2231861559041962,0.6995511858430792,0.0772626582527246,medium,0.3004488141569208,1.0,True,
9-poYwCZxDQ,@hasanjufry0298,Pertama like ??,,1,0.6995858208567471,0.1353417465301089,0.6995858208567471,0.1650724326131439,medium,0.3004141791432528,1.0,True,
9-poYwCZxDQ,@aknespriyadi9651,Di tunggu unboxing xiaomi 17 pro nya ya bang,,1,0.6996085873513018,0.2257479937319106,0.6996085873513018,0.0746434189167875,medium,0.3003914126486982,1.0,True,
O2xb1lVqUv4,@lietjiemin667,"Xiaomi 17 pro  , sdh sama bro???????",,1,0.699734790222166,0.2231445366020519,0.699734790222166,0.077120673175782,medium,0.300265209777834,1.0,True,
9-poYwCZxDQ,@al_fianrd,"<a href=""https://www.youtube.com/watch?v=9-poYwCZxDQ&amp;t=1504"">25:04</a> tawa kejujuran",,1,0.6997544958372796,0.2228465641167333,0.6997544958372796,0.0773989400459872,medium,0.3002455041627204,1.0,True,
9-poYwCZxDQ,@jackathena,"<a href=""https://www.youtube.com/watch?v=9-poYwCZxDQ&amp;t=1504"">25:04</a> ??",,1,0.6997544958372796,0.2228465641167333,0.6997544958372796,0.0773989400459872,medium,0.3002455041627204,1.0,True,
9-poYwCZxDQ,@yahyasummoners,"<a href=""https://www.youtube.com/watch?v=9-poYwCZxDQ&amp;t=1504"">25:04</a> ??",,1,0.6997544958372796,0.2228465641167333,0.6997544958372796,0.0773989400459872,medium,0.3002455041627204,1.0,True,
9-poYwCZxDQ,@paulusbinsar8790,17 airnya mana tot,,1,0.699955154813466,0.1766065081291152,0.699955154813466,0.1234383370574187,medium,0.3000448451865339,1.0,True,
9-poYwCZxDQ,@UziGunarBufon,Wifi di studionya kenceng bgt ????,,1,0.7000229966020834,0.2229921551895887,0.7000229966020834,0.0769848482083277,medium,0.2999770033979165,1.0,True,
9-poYwCZxDQ,@dukuhmasjid7714,Tumben tuh Ikbal mau masuk dalam Vidio mau viral juga beliau ??,,1,0.7002667817188087,0.2025890775788474,0.7002667817188087,0.0971441407023438,medium,0.2997332182811912,1.0,True,
9-poYwCZxDQ,@Zzyt.u,"<a href=""https://www.youtube.com/watch?v=9-poYwCZxDQ&amp;t=1206"">20:06</a> tembaga ??",,1,0.7003857890392069,0.2216602630153414,0.7003857890392069,0.0779539479454517,medium,0.2996142109607931,1.0,True,
9-poYwCZxDQ,@hazmi_fajri,"Bsk pas review coba tekan bagian kaca belakang nya bg, soalnya ada video yang bredar body belakang 17 pro lentur di bagian kacanya saat di tekan.",,1,0.7005263841315793,0.2240809239039433,0.7005263841315793,0.0753926919644772,medium,0.2994736158684207,1.0,True,
O2xb1lVqUv4,@arispratama6733,"<a href=""https://www.youtube.com/watch?v=O2xb1lVqUv4&amp;t=1054"">17:34</a> sebut saja Xiaomi om..??????",,1,0.700619514741889,0.2214608567870017,0.700619514741889,0.0779196284711093,medium,0.299380485258111,1.0,True,
9-poYwCZxDQ,@Broederschap_1903,Yang di tunggu in lama bngt bang??????,,1,0.7006804902296923,0.2207437671418706,0.7006804902296923,0.0785757426284371,medium,0.2993195097703077,1.0,True,
9-poYwCZxDQ,@YohanesTommy19,"<a href=""https://www.youtube.com/watch?v=9-poYwCZxDQ&amp;t=440"">7:20</a> prefer pake adaptor dan cable Apple original biar safety",,1,0.7006915065255453,0.2200147422059341,0.7006915065255453,0.0792937512685205,medium,0.2993084934744546,1.0,True,
9-poYwCZxDQ,@GazaCeaseFireNow67-24,"<a href=""https://www.youtube.com/watch?v=9-poYwCZxDQ&amp;t=1202"">20:02</a> Kuningan",,1,0.701036280743352,0.2211728305763801,0.701036280743352,0.0777908886802679,medium,0.298963719256648,1.0,True,
O2xb1lVqUv4,@NusantaraAntara-y8u,"Nanti pod cast sama Davied gadgetin  , Bung helmy..??<br>Tapi aku fans juga sama Mas Dedie Irfan..??",,1,0.7012185801483785,0.1180269578689085,0.7012185801483785,0.1807544619827129,medium,0.2987814198516215,1.0,True,
O2xb1lVqUv4,@snackpolos_id5388,Ada chargernya ada chargernya ADA CHARGERNYA,,1,0.7013755246710248,0.2202993650353839,0.7013755246710248,0.0783251102935912,medium,0.2986244753289752,1.0,True,
9-poYwCZxDQ,@corollacross5122,xiaomi 17 pro dan pro max donk bang,,1,0.7016865503976659,0.2202149898821379,0.7016865503976659,0.078098459720196,medium,0.2983134496023341,1.0,True,
9-poYwCZxDQ,@elmeiherianto2021,"BANG DAVID PLEASEEE REVIEW XIOMI 17 PRO BUAT COMPARE SAMA I-PHONE 17 PRO, PASTI SERU????????",,1,0.7017092722361264,0.2216728733577206,0.7017092722361264,0.0766178544061529,medium,0.2982907277638735,1.0,True,
9-poYwCZxDQ,@triadykusworo8002,Kok video nya agak ngelg² bang ngga singkron antara suara sama gambarnya,,1,0.7017666924557584,0.2077474673419869,0.7017666924557584,0.0904858402022547,medium,0.2982333075442416,1.0,True,
9-poYwCZxDQ,@mutaqin5668,Mending mna bg ip17 atau berangkatin ortu umroh?,,1,0.7018122973713844,0.2212136018061628,0.7018122973713844,0.0769741008224527,medium,0.2981877026286156,1.0,True,
9-poYwCZxDQ,@riyuu7797,"<a href=""https://www.youtube.com/watch?v=9-poYwCZxDQ&amp;t=1029"">17:09</a> harus 3 org",,1,0.7018375414147613,0.2217578578603069,0.7018375414147613,0.0764046007249317,medium,0.2981624585852387,1.0,True,
9-poYwCZxDQ,@romynasmiwibawa7044,Bg bagi hp lu,,1,0.701934703313408,0.2211957671338088,0.701934703313408,0.0768695295527831,medium,0.298065296686592,1.0,True,
9-poYwCZxDQ,@IwanPutra-u3e,"<a href=""https://www.youtube.com/watch?v=9-poYwCZxDQ&amp;t=1020"">17:00</a> POCOOOOOOO",,1,0.7020445386258889,0.2209883226333069,0.7020445386258889,0.076967138740804,medium,0.2979554613741111,1.0,True,
9-poYwCZxDQ,@XyzyX154,"<a href=""https://www.youtube.com/watch?v=9-poYwCZxDQ&amp;t=1319"">21:59</a> kalo colab keren sih ??",,1,0.7020498927688598,0.2177237400064871,0.7020498927688598,0.0802263672246531,medium,0.2979501072311402,1.0,True,
9-poYwCZxDQ,@zanasq,"&quot;Mamam nih 120hz&quot; ?? <a href=""https://www.youtube.com/watch?v=9-poYwCZxDQ&amp;t=648"">10:48</a>",,1,0.7021299454165394,0.1950839304905492,0.7021299454165394,0.1027861240929113,medium,0.2978700545834606,1.0,True,
9-poYwCZxDQ,@zed.preset0,"info ana bang, skrng ada Xiaomi 17 Pro Max??",,1,0.7022953757697408,0.2219978896503768,0.7022953757697408,0.0757067345798823,medium,0.2977046242302592,1.0,True,
O2xb1lVqUv4,@vespanatikmania951,ngerasain pake maps hp huaw***.ngaco parah gps nya..,,1,0.7027478893258087,0.2181063211383621,0.7027478893258087,0.0791457895358293,medium,0.2972521106741913,1.0,True,
O2xb1lVqUv4,@bambanggentholet9736,"Gua aliran free style, jadi pilih andro.. Kalo mau hidup di sangkar emas ya pilih iponk",,1,0.7028047050842622,0.1868779180615998,0.7028047050842622,0.110317376854138,medium,0.2971952949157378,0.0,True,
9-poYwCZxDQ,@QPoel13,habis nonton video ini gua semakin bangga pake samsung flagship,,1,0.7028427567120105,0.2054139174530406,0.7028427567120105,0.0917433258349488,medium,0.2971572432879895,0.0,True,
9-poYwCZxDQ,@kingimoo34,Nungguin bgt video banding ip16p vs 17p kek gini,,1,0.7031207681949334,0.2191786607674646,0.7031207681949334,0.0777005710376019,medium,0.2968792318050666,1.0,True,
9-poYwCZxDQ,@Saboy-r8o,Next unboxing Hp [ IKKO MIND ONE ] ya bang..????????,,1,0.7033389989340837,0.2199726579063425,0.7033389989340837,0.0766883431595737,medium,0.2966610010659163,1.0,True,
9-poYwCZxDQ,@ThanhQuanDuong-b4b,"<a href=""https://www.youtube.com/watch?v=9-poYwCZxDQ&amp;t=57"">00:57</a>????????????855??emang juara! Baru main sekali, langsung jatuh cinta sama konsep dan ceritanya. Harus coba!??",,1,0.7036240716037995,0.2192475007801725,0.7036240716037995,0.0771284276160281,medium,0.2963759283962005,1.0,True,
9-poYwCZxDQ,@cahyoaroyanto5927,"mas,adanya kehilangan.. sesuatu produk",,1,0.7037152402387509,0.2030754695790141,0.7037152402387509,0.093209290182235,medium,0.2962847597612491,1.0,True,
9-poYwCZxDQ,@vanz8184,"<a href=""https://www.youtube.com/watch?v=9-poYwCZxDQ&amp;t=489"">8:09</a> modal nmax",,1,0.7037454107793393,0.2183388327076021,0.7037454107793393,0.0779157565130584,medium,0.2962545892206607,0.0,True,
O2xb1lVqUv4,@Rico-7071,Wih ada pak dosen teknologi favorit gw,,1,0.704056438518909,0.2184460950733413,0.704056438518909,0.0774974664077496,medium,0.295943561481091,1.0,True,
O2xb1lVqUv4,@pedagangmainan,Menarik,,1,0.7040863617184419,0.1683840807139812,0.7040863617184419,0.1275295575675767,medium,0.2959136382815581,1.0,True,
9-poYwCZxDQ,@dyllonhp_1026,Gak review yang iphone air juga? Bang david,,1,0.7042137102808964,0.1964432647516895,0.7042137102808964,0.099343024967414,medium,0.2957862897191036,1.0,True,
9-poYwCZxDQ,@manukarbyanus7335,bang xiomi 17 pro udah ada belum?,,1,0.7043812594859836,0.2190016270131063,0.7043812594859836,0.07661711350091,medium,0.2956187405140164,1.0,True,
9-poYwCZxDQ,@FirmanPmj,"Nonton pake iPhone 13, siapa tau bisa upgrade nanti amin",,1,0.7044384209863109,0.1929506264655344,0.7044384209863109,0.1026109525481545,medium,0.295561579013689,1.0,True,
9-poYwCZxDQ,@eijiakemi8888,"Singkat padat dan <a href=""https://www.youtube.com/watch?v=9-poYwCZxDQ&amp;t=648"">10:48</a>",,1,0.70454246709284,0.217166331238152,0.70454246709284,0.0782912016690081,medium,0.29545753290716,1.0,True,
O2xb1lVqUv4,@DavidVilla-z7r,ceng cengan nama bokap van jagat van jagat ?? tetap konsisten bahas pc ????,,1,0.7045899531694954,0.2190071060584043,0.7045899531694954,0.0764029407721003,medium,0.2954100468305046,1.0,True,
9-poYwCZxDQ,@Minecraft_Desa,"<a href=""https://www.youtube.com/watch?v=9-poYwCZxDQ&amp;t=1763"">29:23</a> mainan gratis ye",,1,0.7046243071980693,0.217643984868636,0.7046243071980693,0.0777317079332946,medium,0.2953756928019306,1.0,True,
9-poYwCZxDQ,@HadirUntukAnda,pertamax,,1,0.7046573494175227,0.214871912164492,0.7046573494175227,0.0804707384179853,medium,0.2953426505824773,1.0,True,
9-poYwCZxDQ,@ppfathulquran4586,Pertamax,,1,0.7046573494175227,0.214871912164492,0.7046573494175227,0.0804707384179853,medium,0.2953426505824773,1.0,True,
9-poYwCZxDQ,@rizkiokta3404,pagi pagi bener nii,,1,0.704780074053597,0.2163128756820837,0.704780074053597,0.0789070502643193,medium,0.295219925946403,1.0,True,
9-poYwCZxDQ,@hunterxhunter777,"<a href=""https://www.youtube.com/watch?v=9-poYwCZxDQ&amp;t=1915"">31:55</a>",,1,0.7047998342643692,0.217221124223985,0.7047998342643692,0.0779790415116456,medium,0.2952001657356308,1.0,True,
9-poYwCZxDQ,@WongGetak,"<a href=""https://www.youtube.com/watch?v=9-poYwCZxDQ&amp;t=1503"">25:03</a> ??????",,1,0.7048203676954969,0.2173670859208614,0.7048203676954969,0.0778125463836415,medium,0.295179632304503,1.0,True,
9-poYwCZxDQ,@hendrawanprasetyo1224,"<a href=""https://www.youtube.com/watch?v=9-poYwCZxDQ&amp;t=1502"">25:02</a> ??????????..",,1,0.7048203676954969,0.2173670859208614,0.7048203676954969,0.0778125463836415,medium,0.295179632304503,1.0,True,
9-poYwCZxDQ,@qwertyok-g4i,nonton pake 7+ ????,,1,0.7048429196216324,0.2188562374652768,0.7048429196216324,0.076300842913091,medium,0.2951570803783676,1.0,True,
9-poYwCZxDQ,@MahmudSafiq-mx6bc,Nonton pake samsaung s7 ????,,1,0.7048429196216324,0.2188562374652768,0.7048429196216324,0.076300842913091,medium,0.2951570803783676,1.0,True,
9-poYwCZxDQ,@MnwrlFarss,"Wah boleh tuh bg david , sapa tau ada give awaynya hehe ??",,1,0.7052855905908982,0.2173527456338274,0.7052855905908982,0.0773616637752744,medium,0.2947144094091017,1.0,True,
9-poYwCZxDQ,@mdzaralghifari1183,"<a href=""https://www.youtube.com/watch?v=9-poYwCZxDQ&amp;t=1447"">24:07</a> Kue lapis talas bogor wkwk",,1,0.7052988941689602,0.2171817818436595,0.7052988941689602,0.0775193239873802,medium,0.2947011058310398,1.0,True,
9-poYwCZxDQ,@randycan4741,"Tumben bang 13 jam upload baru dpt 800rb an views, kayaknya lagi pada maen roblox dah",,1,0.7053638603827803,0.1034621426703162,0.7053638603827803,0.1911739969469033,medium,0.2946361396172197,1.0,True,
9-poYwCZxDQ,@Risala_G,Bang minta hp iphone dong 1??,,1,0.7054489538453694,0.2157971172509165,0.7054489538453694,0.078753928903714,medium,0.2945510461546305,1.0,True,
9-poYwCZxDQ,@adekino461,"<a href=""https://www.youtube.com/watch?v=9-poYwCZxDQ&amp;t=1510"">25:10</a> udah kek mainan spinner ??<br>tapi unik sihh",,1,0.7054925692786466,0.1965420890930407,0.7054925692786466,0.0979653416283126,medium,0.2945074307213534,1.0,True,
9-poYwCZxDQ,@ivanpaker,"<a href=""https://www.youtube.com/watch?v=9-poYwCZxDQ&amp;t=1321"">22:01</a> seperti tom &amp; jerry, klo di PR sperti Goku ??",,1,0.7055299483971268,0.2155320970200354,0.7055299483971268,0.0789379545828376,medium,0.2944700516028732,1.0,True,
9-poYwCZxDQ,@AbahKolot-e9t,Gadgetin.. Coba review xiaomi 17 pro,,1,0.7055623283853091,0.2190640792957798,0.7055623283853091,0.0753735923189111,medium,0.2944376716146909,1.0,True,
O2xb1lVqUv4,@GrimJack828,"Om Helmy, kalo interview dgn lawan bicara, tolong jgn banyak motong pembicaraan lawan dong....",,1,0.705656646845422,0.2169527056456422,0.705656646845422,0.0773906475089357,medium,0.294343353154578,1.0,True,
9-poYwCZxDQ,@ViviQiqi,"<a href=""https://www.youtube.com/watch?v=9-poYwCZxDQ&amp;t=1213"">20:13</a> mirip warna velg bintang vnd bjirr",,1,0.7057443831412704,0.1957136837018113,0.7057443831412704,0.0985419331569182,medium,0.2942556168587296,1.0,True,
9-poYwCZxDQ,@abuwahabgo,"untuk kamera depan kalo 2 orang ga bisa otomatis landscape bang, coba 3 orang atau 4 orang nanti langsung deh ngebaca dan otomatis landscape",,1,0.7057579406869519,0.1996059318432546,0.7057579406869519,0.0946361274697935,medium,0.2942420593130481,1.0,True,
O2xb1lVqUv4,@aninditoyoga6353,Yg di bawa om dedy itu hp apa ya?,,1,0.7057707912138536,0.2169394913395392,0.7057707912138536,0.0772897174466072,medium,0.2942292087861464,1.0,True,
9-poYwCZxDQ,@bachtiar2214,Bang rekomendasi hp terbaik 1-15juta untuk akhir tahun,,1,0.7059074845735827,0.2044792541597807,0.7059074845735827,0.0896132612666366,medium,0.2940925154264173,1.0,True,
9-poYwCZxDQ,@wahyuamri5789,"Bang  bekas unboxing iphone nya dijual gk bang?? Seperti 15  , 16",,1,0.7059814782514515,0.2012673295455058,0.7059814782514515,0.0927511922030426,medium,0.2940185217485485,1.0,True,
9-poYwCZxDQ,@Dayak_Bisomu,Review xiaomi 17 pro vs iphone 17,,1,0.7059830835904151,0.2155487917211369,0.7059830835904151,0.078468124688448,medium,0.2940169164095849,1.0,True,
9-poYwCZxDQ,@AMBISIUS-W3,"<a href=""https://www.youtube.com/watch?v=9-poYwCZxDQ&amp;t=1515"">25:15</a> ??",,1,0.7061988484399937,0.2165332790995335,0.7061988484399937,0.0772678724604727,medium,0.2938011515600063,1.0,True,
9-poYwCZxDQ,@gustoirnada,Salam dr pengagum samsung.. <br>Nonton pake samsung A56 ??,,1,0.7063582410274696,0.193829610682777,0.7063582410274696,0.0998121482897532,medium,0.2936417589725304,1.0,True,
O2xb1lVqUv4,@hamrianihames5539,Nonton podcast ini pake xiaomi lite..neks semoga nontonnya pake xiaomi 17 pro,,1,0.7063898308918846,0.2176096413159545,0.7063898308918846,0.0760005277921609,medium,0.2936101691081154,1.0,True,
9-poYwCZxDQ,@pradanaa__,Jadi teringat sony ericsson walkman yang orange ????,,1,0.7065506038670203,0.1827012487258804,0.7065506038670203,0.1107481474070991,medium,0.2934493961329797,1.0,True,
O2xb1lVqUv4,@iwandotulong2765,Sy sdh pake iPhone 17  pro Max 1 Terra lapor ke komdigi bayar 5.5jt bebas kemana2.,,1,0.7066846896567475,0.09041245654517,0.7066846896567475,0.2029028537980825,medium,0.2933153103432525,1.0,True,
9-poYwCZxDQ,@Marsszzzy,"Itu 3 atau 4 baru bisa bang <a href=""https://www.youtube.com/watch?v=9-poYwCZxDQ&amp;t=1051"">17:31</a>",,1,0.7067960150589595,0.2163997888254245,0.7067960150589595,0.076804196115616,medium,0.2932039849410405,1.0,True,
9-poYwCZxDQ,@wilhelmusmanjijoman5649,kirain kamera nya bisa geser bang,,1,0.7069151510189684,0.2023527056359237,0.7069151510189684,0.0907321433451077,medium,0.2930848489810316,1.0,True,
O2xb1lVqUv4,@ryanramadhan5952,"Kayaknya kalo om Helmy, kgk bakal undang gtid sih",,1,0.7069387166338676,0.2129349937904074,0.7069387166338676,0.0801262895757249,medium,0.2930612833661323,1.0,True,
9-poYwCZxDQ,@yudiansyahadis4497,Xiaomi 17 pro bang,,1,0.7073993875721835,0.2173066762651656,0.7073993875721835,0.0752939361626509,medium,0.2926006124278165,1.0,True,
9-poYwCZxDQ,@CrownDont,Mana iphone air nya,,1,0.7075291049828627,0.178263459377753,0.7075291049828627,0.1142074356393842,medium,0.2924708950171373,1.0,True,
9-poYwCZxDQ,@putraramadhan6858,Bang coba bandingin sama kamera google pixel 10,,1,0.7075406861308824,0.2147213370497874,0.7075406861308824,0.0777379768193301,medium,0.2924593138691176,1.0,True,
9-poYwCZxDQ,@saneymaroi5188,Nnton pake vivo z1 pro ??,,1,0.7075850363553707,0.2034709890305154,0.7075850363553707,0.0889439746141138,medium,0.2924149636446292,1.0,True,
9-poYwCZxDQ,@bluefox9484,Bang ip 17 pro vs xiaomi 17 pro...<br>Keren pasti ????,,1,0.7079818338571414,0.2140096450180163,0.7079818338571414,0.0780085211248422,medium,0.2920181661428586,1.0,True,
O2xb1lVqUv4,@noviapujilestari2381,Kupikir om hao ?? ternyata om dedi,,1,0.7080884950850426,0.2139920551980735,0.7080884950850426,0.0779194497168838,medium,0.2919115049149574,1.0,True,
9-poYwCZxDQ,@Gitong-x6p,Berapa harga bg,,1,0.7081196770643402,0.2137209966200631,0.7081196770643402,0.0781593263155966,medium,0.2918803229356598,1.0,True,
O2xb1lVqUv4,@playworksmart4067,"Salut sama semangat om helmy yang berusaha untuk stay relevan dengan obrolan teknologi... Om helmy Sedikit keteteran dan awkward silent dari dedy irvan, tp obrolannya masih bisa dinikmati",,1,0.7082103499666623,0.2139489604835357,0.7082103499666623,0.077840689549802,medium,0.2917896500333377,1.0,True,
9-poYwCZxDQ,@laray_bafy7441,Nonton review 17 di iphone 7,,1,0.7085297513562737,0.1968247012360045,0.7085297513562737,0.0946455474077216,medium,0.2914702486437263,1.0,True,
9-poYwCZxDQ,@bdudngdi,"Yang lain bahas adegan, aku malah cari arti Pulau???",,1,0.7088655257152207,0.1931474771910414,0.7088655257152207,0.0979869970937379,medium,0.2911344742847793,1.0,True,
9-poYwCZxDQ,@sqzll_,"buat video versusnya bang, sama huawei pura gitu misalnya",,1,0.7088820179360166,0.1978122981449122,0.7088820179360166,0.0933056839190711,medium,0.2911179820639834,1.0,True,
9-poYwCZxDQ,@pblgank,Gass lanjut Review Xiaomi 17 pro,,1,0.7089039235572221,0.2137052840849917,0.7089039235572221,0.0773907923577862,medium,0.2910960764427779,1.0,True,
O2xb1lVqUv4,@hulugrillkopi,salut ama Om dedy salah 1 reviewer gadget Indonesia terbaik dan paling objektif di Indonesia. Tetep konsisten Om,,1,0.7090466661882829,0.1150385235148464,0.7090466661882829,0.1759148102968706,medium,0.290953333811717,1.0,True,
9-poYwCZxDQ,@slazer0905,next yang air nya ya bang,,1,0.7091451384800588,0.2146296672735756,0.7091451384800588,0.0762251942463655,medium,0.2908548615199412,1.0,True,
9-poYwCZxDQ,@cosmoboi1963,"<a href=""https://www.youtube.com/watch?v=9-poYwCZxDQ&amp;t=197"">3:17</a> Saya malah tau Sage di Sonic The Hedgehog di Sonic Frontiers",,1,0.7093291889985617,0.1921490633280189,0.7093291889985617,0.0985217476734193,medium,0.2906708110014383,1.0,True,
9-poYwCZxDQ,@ddn_rmdhani,Perasaan bang yang basic to 3.0 kalau air baru 2.0,,1,0.7095440371139211,0.2007102485685974,0.7095440371139211,0.0897457143174814,medium,0.2904559628860789,1.0,True,
O2xb1lVqUv4,@edisideadmin,"nangis kejer, karna Xiaomi hapus mi cloud ??",,1,0.7096678211034757,0.1660246049973779,0.7096678211034757,0.1243075738991463,medium,0.2903321788965243,1.0,True,
9-poYwCZxDQ,@mister_ulum,"Mungkin harus orang nya minimal bertiga, biar bisa lanskap",,1,0.7097889748164855,0.190310062624483,0.7097889748164855,0.0999009625590313,medium,0.2902110251835145,1.0,True,
9-poYwCZxDQ,@alamandaasri6422,"Bang David, ditunggu bahas Xiaomi 17 pesaing iphone 17",,1,0.7102542820497753,0.2097584623060055,0.7102542820497753,0.0799872556442192,medium,0.2897457179502247,1.0,True,
9-poYwCZxDQ,@Pawas-ru9pk,iPhone 17???? sendiri dong,,1,0.7102933662905813,0.158697342300345,0.7102933662905813,0.1310092914090737,medium,0.2897066337094187,1.0,True,
9-poYwCZxDQ,@mallasuwandi8521,Coba bandingin sama huawei pura 80,,1,0.7102978403722005,0.1978955431986322,0.7102978403722005,0.0918066164291672,medium,0.2897021596277995,1.0,True,
9-poYwCZxDQ,@geen6603,Nonton dgn realme c30,,1,0.7105926729144336,0.1990198469758272,0.7105926729144336,0.0903874801097391,medium,0.2894073270855664,1.0,True,
9-poYwCZxDQ,@ENDPEARL,Udah berapa Kali gadgetin gonta ganti HP awokawok,,1,0.7106882410827244,0.1661046210353783,0.7106882410827244,0.1232071378818972,medium,0.2893117589172755,1.0,True,
9-poYwCZxDQ,@haqtv-alhaqtv4753,1 menit pertama,,1,0.7108428498144473,0.1970625451963478,0.7108428498144473,0.0920946049892049,medium,0.2891571501855526,1.0,True,
9-poYwCZxDQ,@fauzialfaritsi2811,Redmi note 15 pro 5g bang,,1,0.7108512462601162,0.1985826179914532,0.7108512462601162,0.0905661357484305,medium,0.2891487537398838,1.0,True,
9-poYwCZxDQ,@kevxx590,"<a href=""https://www.youtube.com/watch?v=9-poYwCZxDQ&amp;t=1198"">19:58</a> kyk velg tdr bang",,1,0.7109093324714516,0.2101082004293951,0.7109093324714516,0.0789824670991532,medium,0.2890906675285484,1.0,True,
9-poYwCZxDQ,@arif12282,"<a href=""https://www.youtube.com/watch?v=9-poYwCZxDQ&amp;t=1036"">17:16</a> coba 3 orang bang baru landscape",,1,0.7109148164876864,0.2110371145440445,0.7109148164876864,0.0780480689682689,medium,0.2890851835123136,1.0,True,
9-poYwCZxDQ,@tidakdiketahui1461,Selalu setia nonton dan like videonya,,1,0.7111930686706514,0.1145578932487246,0.7111930686706514,0.174249038080624,medium,0.2888069313293486,1.0,True,
O2xb1lVqUv4,@arfahthalib4714,Damn bang Helmi Yahya ketawanya sdh kentara sekali sdh berumur. Ingat dulu jd host quiz masih segar suaranya. Sehat2 om Helmi,,1,0.711452859429653,0.1072690210422068,0.711452859429653,0.1812781195281401,medium,0.288547140570347,1.0,True,
9-poYwCZxDQ,@Panjiramadansaputra1,"<a href=""https://www.youtube.com/watch?v=9-poYwCZxDQ&amp;t=794"">13:14</a> animasi pesawatnya keren",,1,0.711509292880509,0.1887015339608056,0.711509292880509,0.0997891731586854,medium,0.288490707119491,1.0,True,
9-poYwCZxDQ,@petualanganmancing2492,Review Xiaomi 17 pro bg seru,,1,0.7115447201681645,0.2115194975498683,0.7115447201681645,0.0769357822819672,medium,0.2884552798318355,1.0,True,
9-poYwCZxDQ,@YogaFtstory,next video coba bahas xiaomi 17 pro max bg,,1,0.7116010686277897,0.2137508304841006,0.7116010686277897,0.0746481008881096,medium,0.2883989313722103,1.0,True,
9-poYwCZxDQ,@zallsesiyt8919,33 detik bg,,1,0.7116237814801603,0.2100332354629181,0.7116237814801603,0.0783429830569215,medium,0.2883762185198397,1.0,True,
9-poYwCZxDQ,@maqmaqezzz,apa bedanya? 120hz doang?,,1,0.711653809011931,0.089874227539803,0.711653809011931,0.1984719634482659,medium,0.288346190988069,1.0,True,
9-poYwCZxDQ,@nanasupriatna3829,"Biar udah nonton di channel lain, tapi yang paling ditunggu tetap review Bang David @Gadgetin hukumnya wajib menonton ??",,1,0.7117594445538874,0.1847102177558804,0.7117594445538874,0.1035303376902323,medium,0.2882405554461126,1.0,True,
O2xb1lVqUv4,@kasamago,"hp china mengutamakan fungsi dan kualitas...<br>keren, om ded akhirnya satu frame dengan om Helmy.. bener2 up2date teknologi",,1,0.7118167295915365,0.1974593240575214,0.7118167295915365,0.090723946350942,medium,0.2881832704084635,1.0,True,
O2xb1lVqUv4,@BagusPrasetyo-m3u,Undang gtid dong om helmy,,1,0.71199767936158,0.2097381206488544,0.71199767936158,0.0782641999895656,medium,0.28800232063842,1.0,True,
9-poYwCZxDQ,@kurogami734,Kenapa kok ngak besi<br>Nanti pbnya jadi kompor induksi bang,,1,0.7120744620159984,0.1763123115280221,0.7120744620159984,0.1116132264559794,medium,0.2879255379840015,1.0,True,
9-poYwCZxDQ,@Abadi_Kurniawan,.IP 17 base model Terbaik selanjutnya kah setelah IP 13 base model,,1,0.7121183663586269,0.1533038536092887,0.7121183663586269,0.1345777800320843,medium,0.2878816336413731,1.0,True,
9-poYwCZxDQ,@HamArtKu,"bahkan, bang david tidak mengetahui spek hpnya sendiri??",,1,0.7122060718263005,0.1621729219376151,0.7122060718263005,0.1256210062360843,medium,0.2877939281736995,1.0,True,
9-poYwCZxDQ,@sompyohchannel3578,kalo yang seri PROMAX gimana bang?,,1,0.7122312630979171,0.2112681701239796,0.7122312630979171,0.0765005667781032,medium,0.2877687369020829,1.0,True,
9-poYwCZxDQ,@Rick-cq8yj,pixel 10 dong bang,,1,0.7123808951572451,0.2095950341405679,0.7123808951572451,0.0780240707021869,medium,0.2876191048427549,1.0,True,
9-poYwCZxDQ,@vinammardi2,Bahas Xiaomi 17 pro bang,,1,0.7129367134404505,0.2117192948868949,0.7129367134404505,0.0753439916726544,medium,0.2870632865595495,1.0,True,
O2xb1lVqUv4,@fachryradhityainsani,"2 suhu di bidangnya masing2 kolaborasi, sesuai tagline om helmy, daging semua emang",,1,0.7130636926643953,0.2086834767914455,0.7130636926643953,0.0782528305441592,medium,0.2869363073356047,1.0,True,
9-poYwCZxDQ,@anggabayu7045,Lagi hits emang bang ijo sagne ??,,1,0.7132572192911872,0.187805984073971,0.7132572192911872,0.0989367966348416,medium,0.2867427807088127,1.0,True,
O2xb1lVqUv4,@wwn-xu2io,"kyak nya helmi yahya, agak2 nggak  nyambung bicara nya om deddy.",,1,0.7134676047439494,0.1001651661399162,0.7134676047439494,0.1863672291161343,medium,0.2865323952560505,1.0,True,
9-poYwCZxDQ,@DWR1996,Ntn pake 15 pro,,1,0.7139905242007373,0.1862641788486603,0.7139905242007373,0.0997452969506023,medium,0.2860094757992627,1.0,True,
9-poYwCZxDQ,@fiqhinoviarsetiono1723,Tidak ada chargernya... Tidak ada chargernya... Tidaaak ada chargernya ( suara om Deddy JAGAT REVIEW)??????,,1,0.7141657514871614,0.2074122215516257,0.7141657514871614,0.0784220269612128,medium,0.2858342485128385,0.0,True,
9-poYwCZxDQ,@KhodijahFebriana,Xiomi 17 pro bang,,1,0.7144028663226264,0.2078531174789772,0.7144028663226264,0.0777440161983964,medium,0.2855971336773736,1.0,True,
9-poYwCZxDQ,@ericsaputra775,Tablet astra magic kapan bang???,,1,0.7144751755021223,0.1878937177822538,0.7144751755021223,0.0976311067156239,medium,0.2855248244978777,1.0,True,
9-poYwCZxDQ,@RayapGudang,"Bang David, neks review  Xiaomi 17 pro klo dah rilis vs ipon 17 pro. Kayaknya seru perang teknologi nya",,1,0.7148265890922199,0.2075727902616687,0.7148265890922199,0.0776006206461114,medium,0.2851734109077801,1.0,True,
O2xb1lVqUv4,@miftahudin9533,"Akhirnya OM Helmi Yahya, undang OM Dedy,udah lama pingin Muncul di Podcast ini ??",,1,0.7148334925826246,0.1847731787471801,0.7148334925826246,0.1003933286701951,medium,0.2851665074173753,1.0,True,
9-poYwCZxDQ,@BorneoFishing-z5d,Di tunggu riview xiaomi 17 pro nya bang,,1,0.715735593414556,0.2067433656734417,0.715735593414556,0.0775210409120023,medium,0.284264406585444,1.0,True,
9-poYwCZxDQ,@nabildwiandika,Bang bahas Xiaomi 17 dong,,1,0.716082559062903,0.2083988599501056,0.716082559062903,0.0755185809869914,medium,0.283917440937097,1.0,True,
9-poYwCZxDQ,@dimsum2602,Mana kapal apinya bang david? padahal gua nungguin wkwk,,1,0.7165407474370717,0.1812121549848787,0.7165407474370717,0.1022470975780495,medium,0.2834592525629282,1.0,True,
9-poYwCZxDQ,@pleasereadbooks5009,"<a href=""https://www.youtube.com/watch?v=9-poYwCZxDQ&amp;t=1181"">19:41</a> orange vintage kata gw mah ??",,1,0.7169633275875615,0.18484936034191,0.7169633275875615,0.0981873120705284,medium,0.2830366724124384,1.0,True,
9-poYwCZxDQ,@saitamacool5840,Bandingin bang sama xiaomi 17 pro ??,,1,0.7171592005698445,0.2059983758675744,0.7171592005698445,0.0768424235625811,medium,0.2828407994301555,1.0,True,
9-poYwCZxDQ,@semuaada9925,next bahas laptop lenovo loq dong,,1,0.7173552282484164,0.2049248764720684,0.7173552282484164,0.0777198952795151,medium,0.2826447717515836,1.0,True,
9-poYwCZxDQ,@mistergaming1538,Kapan bahas fersi XIAOMI 17 PRO nya bang. penasaran pendapat abang.,,1,0.717358209158565,0.2061665275396048,0.717358209158565,0.0764752633018301,medium,0.282641790841435,1.0,True,
9-poYwCZxDQ,@Abukhodir,"Bang saya mau upgrade iPhone lagi, ada dana untuk DP. 2 jt.. untuk angsuran nya 3 tahun berapa kira&quot;...",,1,0.7176818492167847,0.1678941674070252,0.7176818492167847,0.1144239833761899,medium,0.2823181507832153,1.0,True,
9-poYwCZxDQ,@sigitprabowo3227,Widih ngejreng bgt hp poconya bang David ??,,1,0.7179254287437604,0.1907696315779031,0.7179254287437604,0.0913049396783365,medium,0.2820745712562396,1.0,True,
9-poYwCZxDQ,@DannyWong-kx5tl,bang xiaomi 17 pro dong bang,,1,0.7180934555233628,0.2042805165881712,0.7180934555233628,0.0776260278884659,medium,0.2819065444766372,1.0,True,
9-poYwCZxDQ,@andjarandriansyah,"<a href=""https://www.youtube.com/watch?v=9-poYwCZxDQ&amp;t=182"">03:02</a> Ijo Rumah Sakit bang.. ?? soalnya RSUD di sini warna gitu ??",,1,0.7183310555049397,0.1838664841458119,0.7183310555049397,0.0978024603492484,medium,0.2816689444950603,1.0,True,
9-poYwCZxDQ,@radityarianji2340,"Xiaomi 17 pro bang, review",,1,0.718392533330127,0.2046219246755173,0.718392533330127,0.0769855419943557,medium,0.281607466669873,1.0,True,
9-poYwCZxDQ,@mechakawaii99,pake lipbalm banggg Allahuakbar wkwk,,1,0.7185368551869029,0.1919000893386241,0.7185368551869029,0.089563055474473,medium,0.2814631448130971,1.0,True,
9-poYwCZxDQ,@IntanRaudatul-c3f,Bang david info dong beli pixel di toko mana yang amanah,,1,0.7190514601863834,0.1794727386201249,0.7190514601863834,0.1014758011934915,medium,0.2809485398136165,1.0,True,
9-poYwCZxDQ,@anitasetyarini6285,"Bang, review xiaomi 17 pro",,1,0.7191053374397678,0.2040952304847022,0.7191053374397678,0.07679943207553,medium,0.2808946625602322,1.0,True,
O2xb1lVqUv4,@antoanto6554,"Ekosistem jika temen dan kita sendiri jg pake.... Btw, jika kita cm pake ip dan tdk pake yg lain serta kebanyakan temen tdk pake ip, ya ama jg bohong karena otomatis cm dipake wa dan foto2 doang",,1,0.7194761356937186,0.1721362633518695,0.7194761356937186,0.1083876009544118,medium,0.2805238643062814,1.0,True,
9-poYwCZxDQ,@abdulkholiknurrohman8515,Bang david tolong kasih rekomendasi laptop untuk jualan online ??,,1,0.7195959323535336,0.1886558199964274,0.7195959323535336,0.0917482476500389,medium,0.2804040676464664,1.0,True,
9-poYwCZxDQ,@ALexanderpangaribuan,17 vs huwaei dong bang,,1,0.7197969145529186,0.2015688338799168,0.7197969145529186,0.0786342515671644,medium,0.2802030854470814,1.0,True,
9-poYwCZxDQ,@MuchtarBachtiar,G ada test video nya ?,,1,0.7199175013323053,0.173733807330603,0.7199175013323053,0.1063486913370917,medium,0.2800824986676947,1.0,True,
O2xb1lVqUv4,@agusmahendra705,Sebelum beli gadget.<br>kalo mau simple padat nonton david gadgetin<br>kalo mau sangat detail jagat review,,1,0.720015098818426,0.1790635983909986,0.720015098818426,0.1009213027905753,medium,0.279984901181574,1.0,True,
9-poYwCZxDQ,@fikritullah1606,"<a href=""https://www.youtube.com/watch?v=9-poYwCZxDQ&amp;t=658"">10:58</a> jujur gua akuin",,1,0.7201165495930683,0.1816166858463926,0.7201165495930683,0.0982667645605392,medium,0.2798834504069317,1.0,True,
O2xb1lVqUv4,@estetik-A18,"selalu klo liat review om Deddy  serasa lagi dikualihin HP. detail bgt tapi durasi lama, itu kelebihan sekaligus kekurangan tapi salah satu referensi.",,1,0.7213818478328482,0.1613041397484426,0.7213818478328482,0.117314012418709,medium,0.2786181521671518,1.0,True,
9-poYwCZxDQ,@MalikGaming-t4s,riview spark 40 pro bg,,1,0.7216054834838909,0.1798972866869124,0.7216054834838909,0.0984972298291966,medium,0.2783945165161091,1.0,True,
9-poYwCZxDQ,@???,review iphone air nya juga bang david??????,,1,0.722657000596038,0.1588934737489323,0.722657000596038,0.1184495256550297,medium,0.277342999403962,1.0,True,
O2xb1lVqUv4,@ivanrhinaldy7768,"Deddy Irvan Underrated Tech reviewer, favorite gw dr subscribernya msh 10rb",,1,0.7227878002677517,0.141814294818121,0.7227878002677517,0.1353979049141272,medium,0.2772121997322483,1.0,True,
9-poYwCZxDQ,@bhagaskara3361,Aku yang masih pake 7+??,,1,0.7229326633598191,0.1446879789297409,0.7229326633598191,0.1323793577104399,medium,0.2770673366401809,1.0,True,
O2xb1lVqUv4,@AhmadAli-iw6cx,Silicon carbite pertama yg ngenalin honor om Ded..,,1,0.7229738208981178,0.187281048964281,0.7229738208981178,0.0897451301376011,medium,0.2770261791018822,1.0,True,
9-poYwCZxDQ,@JustStone_xx,Bang David buat konten mystery box lagi bg,,1,0.7233322843670442,0.1771654786662534,0.7233322843670442,0.0995022369667023,medium,0.2766677156329558,1.0,True,
9-poYwCZxDQ,@teguhsobari1820,di tunggu unboxing redmi 17 pro max nya. sekalian bandingin sama ip 17 pro max,,1,0.7235901639144744,0.1646618953540362,0.7235901639144744,0.1117479407314893,medium,0.2764098360855256,1.0,True,
9-poYwCZxDQ,@SEKEDARJALAN,"sry OOT.<br>bang, ane lagi cari karyawan pria/wanita max umur 55 taun buat di pabrik bapak ane di daerah leuwih gajah cimahi, posisi admin produksi gaji 6.5 juta/bulan.<br>terimakasih sebelumnya bang. Tuhan memberkati ????",,1,0.7240021070925786,0.1859335447264764,0.7240021070925786,0.090064348180945,medium,0.2759978929074214,1.0,True,
9-poYwCZxDQ,@budipristel8083,Adu sama X300 dan Xiaomi 17 bang ??,,1,0.7241425372162752,0.1648030189040517,0.7241425372162752,0.111054443879673,medium,0.2758574627837248,1.0,True,
9-poYwCZxDQ,@dione2421,Bang bahas barang aneh atau misteri box dong,,1,0.7243882327956543,0.1861319343211582,0.7243882327956543,0.0894798328831873,medium,0.2756117672043456,1.0,True,
9-poYwCZxDQ,@TriWahyu45,"Next kita adukan dengan Xiaomi 17 bang David, jadi gak sabar nunggu next konten nya ??",,1,0.7246022910635069,0.1786229381450716,0.7246022910635069,0.0967747707914214,medium,0.275397708936493,1.0,True,
9-poYwCZxDQ,@Channel_ini_bermasalah,Apa sic special nya iphone?,,1,0.7246220343025647,0.134473937940841,0.7246220343025647,0.1409040277565942,medium,0.2753779656974353,1.0,True,
9-poYwCZxDQ,@Armanz24,"<a href=""https://www.youtube.com/watch?v=9-poYwCZxDQ&amp;t=797"">13:17</a> Xiaomi udh dari dlu. ??<br>Tapi icon pesawat pas flight mode detail kecil yg unik sih. Wkwk",,1,0.7254996628039251,0.1287693291058852,0.7254996628039251,0.1457310080901896,medium,0.2745003371960749,1.0,True,
9-poYwCZxDQ,@Anwarbridess,DI Ending expersi Bang David sangat sangat menjelaskan dan dari gesturnya sudah sangat sangat sangat sangat wow,,1,0.7256917603018256,0.1486364344213296,0.7256917603018256,0.1256718052768446,medium,0.2743082396981744,1.0,True,
9-poYwCZxDQ,@STARGAMECHAMPION,Bang bahasa Oppo k13 turbo,,1,0.7258348220108535,0.1500123660468126,0.7258348220108535,0.1241528119423337,medium,0.2741651779891465,1.0,True,
9-poYwCZxDQ,@linalusianalusi3267,Nah yang ditunggu tunggu,,1,0.7262266937658094,0.174692400628086,0.7262266937658094,0.0990809056061046,medium,0.2737733062341906,1.0,True,
O2xb1lVqUv4,@wowonmaulana964,next om undang GTID,,1,0.7263661913635897,0.1741945278373892,0.7263661913635897,0.0994392807990212,medium,0.2736338086364103,1.0,True,
9-poYwCZxDQ,@Rifqimolutharo,Ke 100,,1,0.7266346368311685,0.1383665031356402,0.7266346368311685,0.1349988600331912,medium,0.2733653631688315,1.0,True,
9-poYwCZxDQ,@WafiNurSifa-l4k,Realmi c11 bisa apa,,1,0.7267394364424458,0.1619004588096813,0.7267394364424458,0.1113601047478728,medium,0.2732605635575542,1.0,True,
9-poYwCZxDQ,@arifwidodo37,pertama,,1,0.7273999321911557,0.1612649266247726,0.7273999321911557,0.1113351411840716,medium,0.2726000678088442,1.0,True,
9-poYwCZxDQ,@rikypadana9437,Pertama??,,1,0.7273999321911557,0.1612649266247726,0.7273999321911557,0.1113351411840716,medium,0.2726000678088442,1.0,True,
9-poYwCZxDQ,@denniskhere2245,Pertama,,1,0.7273999321911557,0.1612649266247726,0.7273999321911557,0.1113351411840716,medium,0.2726000678088442,1.0,True,
9-poYwCZxDQ,@AlfyuStore,Review xiaomi 17pro max,,1,0.7276780987219685,0.1752447937099797,0.7276780987219685,0.0970771075680516,medium,0.2723219012780314,1.0,True,
O2xb1lVqUv4,@anakjalanan247,Om ded,,1,0.727963676857604,0.1739123464333697,0.727963676857604,0.0981239767090262,medium,0.272036323142396,1.0,True,
9-poYwCZxDQ,@IbrahimDaffa-w1o,Iphone air bang??,,1,0.7285222169112517,0.1585579327609769,0.7285222169112517,0.1129198503277713,medium,0.2714777830887482,1.0,True,
O2xb1lVqUv4,@yusniaribowo9993,"Iphone memperbudak konsumennya tanpa konsumennya sadari....pilihan di kita, mau nggak kita diperbudak?",,1,0.7285777193074672,0.1285209595193515,0.7285777193074672,0.1429013211731811,medium,0.2714222806925328,1.0,True,
9-poYwCZxDQ,@AlexBlackOn,iPhone 17 z air belum di review???,,1,0.7291728949016808,0.1405251688559431,0.7291728949016808,0.1303019362423759,medium,0.2708271050983192,1.0,True,
9-poYwCZxDQ,@robertisimanungkalit6843,Review Pixel 10 bg,,1,0.7298534614091517,0.1739841151000327,0.7298534614091517,0.0961624234908154,medium,0.2701465385908482,1.0,True,
9-poYwCZxDQ,@rusydielhaq5930,"<a href=""https://www.youtube.com/watch?v=9-poYwCZxDQ&amp;t=371"">06:11</a> bang bukannya iPhone Air pake usb 2.0 ?",,1,0.7303416067295828,0.1730334102124414,0.7303416067295828,0.0966249830579758,medium,0.2696583932704172,1.0,True,
9-poYwCZxDQ,@muhammadzaky1765,Bang david review Xiaomi  17,,1,0.7304745296766504,0.1714339360081214,0.7304745296766504,0.0980915343152282,medium,0.2695254703233496,1.0,True,
9-poYwCZxDQ,@smujib,produk gagal ip 17pro bang,,1,0.7315548953769964,0.1589863665903545,0.7315548953769964,0.1094587380326491,medium,0.2684451046230036,1.0,True,
9-poYwCZxDQ,@rizkycao,Haha..habis ini review XIAOMI 17 PRO bang david,,1,0.7318426870496133,0.1567265642989773,0.7318426870496133,0.1114307486514093,medium,0.2681573129503867,1.0,True,
9-poYwCZxDQ,@DarDerDor666,Iphone Air dong bang,,1,0.7324220637056202,0.1576501790938411,0.7324220637056202,0.1099277572005385,medium,0.2675779362943797,1.0,True,
9-poYwCZxDQ,@tayaaasy8007,fun fact bezel 17 series semua sama keliatan bezel di 16 pro tipis pake banget,,1,0.7324460466104262,0.1068016835756266,0.7324460466104262,0.1607522698139472,medium,0.2675539533895738,1.0,True,
9-poYwCZxDQ,@YT_INTROVERT,Bg review Infinix note 50s dong,,1,0.7327562777938705,0.1705078197940777,0.7327562777938705,0.0967359024120517,medium,0.2672437222061294,1.0,True,
9-poYwCZxDQ,@TamanLangit-l2k,Lagi nunggu teckno pova slim 5g..uda di niatin beli,,1,0.7331275842187409,0.1104477864970482,0.7331275842187409,0.1564246292842108,medium,0.2668724157812591,1.0,True,
9-poYwCZxDQ,@Fikri369-w2x,"Chanel lain udah banyak yang unboxing, tapi nunggu bang davit yang review nih",,1,0.7332639467525144,0.1479977857349282,0.7332639467525144,0.1187382675125572,medium,0.2667360532474856,1.0,True,
9-poYwCZxDQ,@arifinpatritius868,"<a href=""https://www.youtube.com/watch?v=9-poYwCZxDQ&amp;t=1237"">20:37</a> Oza bang, Oza Rangkuti wk",,1,0.7334442993839163,0.1496511900169302,0.7334442993839163,0.1169045105991533,medium,0.2665557006160837,1.0,True,
9-poYwCZxDQ,@ivanwilly6445,"<a href=""https://www.youtube.com/watch?v=9-poYwCZxDQ&amp;t=1044"">17:24</a> apa mungkin karna jumlah orang di frame kurang banyak bang ??",,1,0.7341344736453603,0.1478116408258907,0.7341344736453603,0.1180538855287489,medium,0.2658655263546396,1.0,True,
9-poYwCZxDQ,@MVLOKAL20,Xiaomi 17 bang review,,1,0.7344495281331589,0.1699768615256839,0.7344495281331589,0.0955736103411572,medium,0.2655504718668411,1.0,True,
9-poYwCZxDQ,@HiroAjaa,infinix note 50 s dan x kapan bang,,1,0.7345111707317351,0.1395491425351591,0.7345111707317351,0.1259396867331057,medium,0.2654888292682649,1.0,True,
9-poYwCZxDQ,@desnat,"mending milih 17 basic apa 16 pro , bang ?",,1,0.7346393392941283,0.1010366265047126,0.7346393392941283,0.164324034201159,medium,0.2653606607058717,1.0,True,
9-poYwCZxDQ,@muhammadzakkyrifqi6047,Nonton pake ip 11????,,1,0.7347461087269374,0.1449757091750825,0.7347461087269374,0.1202781820979801,medium,0.2652538912730626,1.0,True,
9-poYwCZxDQ,@Mr.BIG85,Yahh...sy sdh beralih ke android bang ??,,1,0.735015035586785,0.1290368638467418,0.735015035586785,0.1359481005664731,medium,0.2649849644132149,1.0,True,
O2xb1lVqUv4,@agusnugraha7688,"Keliatan bgt Narasumber nya sangat menguasai, keren",,1,0.7354256387217267,0.1175261261698157,0.7354256387217267,0.1470482351084575,medium,0.2645743612782733,1.0,True,
9-poYwCZxDQ,@azizulqodri8831,"<a href=""https://www.youtube.com/watch?v=9-poYwCZxDQ&amp;t=790"">13:10</a> beliau fokus sama animasi kacanya, ane fokus animasi mode pesawatnya, keren bjirr",,1,0.7356296232134631,0.1295500364855109,0.7356296232134631,0.1348203403010257,medium,0.2643703767865368,1.0,True,
9-poYwCZxDQ,@imambas,gabisa auto landcape kayaknya gara-gara orang di dalam frame kurang banyak deh,,1,0.7362421893126407,0.1107027059565507,0.7362421893126407,0.1530551047308086,medium,0.2637578106873592,1.0,True,
9-poYwCZxDQ,@ganispuspitasari9329,Seperti kecewa dgn 17pro??,,1,0.7368531559017335,0.1065633612026144,0.7368531559017335,0.1565834828956522,medium,0.2631468440982665,0.0,True,
9-poYwCZxDQ,@ahmadjibril1976,"Gelep : gelap bang <a href=""https://www.youtube.com/watch?v=9-poYwCZxDQ&amp;t=280"">4:40</a>",,1,0.7369460957176012,0.1466694466564043,0.7369460957176012,0.1163844576259945,medium,0.2630539042823988,1.0,True,
9-poYwCZxDQ,@EndangRusmiati-t9m,"Bang David, coba Review in hp Blackview A96 dong",,1,0.7372144628468706,0.1521033421393809,0.7372144628468706,0.1106821950137483,medium,0.2627855371531293,1.0,True,
9-poYwCZxDQ,@rr-rb9hz,Klo berubah ke lanscape harus minimal 4 org (rame),,1,0.7373851964618157,0.1128531526191479,0.7373851964618157,0.1497616509190364,medium,0.2626148035381843,1.0,True,
9-poYwCZxDQ,@RusliTECNOPOVA65G,"Bang review Realme 15 udah jual di Malaysia, Indonesia belum belum dijual kah?",,1,0.7379967043701126,0.1510196627979138,0.7379967043701126,0.1109836328319735,medium,0.2620032956298874,1.0,True,
9-poYwCZxDQ,@outdrive547,Ke 4 dapet apa neeh,,1,0.7381319946945567,0.1069854877666659,0.7381319946945567,0.1548825175387775,medium,0.2618680053054433,1.0,True,
9-poYwCZxDQ,@agdansek1060,Ke 6 dapet apa nihh,,1,0.7381319946945567,0.1069854877666659,0.7381319946945567,0.1548825175387775,medium,0.2618680053054433,1.0,True,
O2xb1lVqUv4,@zonanyaman5731,"pak helmy kurang kurangin dong yapping dan sotoy nya, please!!!!",,1,0.7383392875755611,0.1415393990792854,0.7383392875755611,0.1201213133451534,medium,0.2616607124244389,1.0,True,
9-poYwCZxDQ,@KONG_D_KOBI,"bang, boleh tolong buatin short kalau pakai dark mode, bisa gak pakai yang glass aplikasinya? biar hitam putih gt,",,1,0.7386618449759201,0.1137190778902236,0.7386618449759201,0.1476190771338562,medium,0.2613381550240798,1.0,True,
9-poYwCZxDQ,@Solihinajah-i7j,Bagi satu pamer hp mulu luh bang,,1,0.7389242359727485,0.1322204859976358,0.7389242359727485,0.1288552780296156,medium,0.2610757640272515,1.0,True,
9-poYwCZxDQ,@tungaulamaschannel4769,Next Review bang Xiaomi 17 sainganx  iPhone 17 pro max,,1,0.7391574760608396,0.1524481716494251,0.7391574760608396,0.1083943522897351,medium,0.2608425239391604,1.0,True,
9-poYwCZxDQ,@arypurwanto9188,Di jual lagi ga bang??,,1,0.7392698302272372,0.1021853131978061,0.7392698302272372,0.1585448565749565,medium,0.2607301697727627,1.0,True,
9-poYwCZxDQ,@adivikolii227,nanti lanjut riview oppo A6 pro bang,,1,0.7393030473678497,0.1389445393623858,0.7393030473678497,0.1217524132697644,medium,0.2606969526321503,1.0,True,
9-poYwCZxDQ,@agildani4275,Ga usah bayar pajak bang nanti di korupsi lagi????,,1,0.7394441753132177,0.1041183442808402,0.7394441753132177,0.156437480405942,medium,0.2605558246867823,1.0,True,
9-poYwCZxDQ,@ilhamae8395,Bang david. COD laptop nya gimana? Jadi gak?? ??,,1,0.7396963391320741,0.135480170269596,0.7396963391320741,0.1248234905983299,medium,0.2603036608679259,1.0,True,
9-poYwCZxDQ,@Danangarfn_,Bang masih punya ip 13 nggak yang mau dijual?,,1,0.7398089893688867,0.1013365213438026,0.7398089893688867,0.1588544892873107,medium,0.2601910106311133,1.0,True,
O2xb1lVqUv4,@babydiablo,Tiba-tiba Dedy Irvan ??????,,1,0.7400206886589669,0.1106898747023921,0.7400206886589669,0.149289436638641,medium,0.2599793113410331,1.0,True,
9-poYwCZxDQ,@Tya-s5r,akhirnya yang ditunggu ip 17 di review bang david,,1,0.740028410672412,0.1268366409333473,0.740028410672412,0.1331349483942407,medium,0.259971589327588,1.0,True,
9-poYwCZxDQ,@Zeeyb0y,"<a href=""https://www.youtube.com/watch?v=9-poYwCZxDQ&amp;t=1503"">25:03</a> the punchline ??",,1,0.7400939334023425,0.1023235870192286,0.7400939334023425,0.1575824795784288,medium,0.2599060665976574,1.0,True,
9-poYwCZxDQ,@mld_official.,"<a href=""https://www.youtube.com/watch?v=9-poYwCZxDQ&amp;t=1453"">24:13</a> warnanya di bandingin sama kacang bang ??????",,1,0.7403945797465699,0.1437016379217064,0.7403945797465699,0.1159037823317236,medium,0.2596054202534301,1.0,True,
9-poYwCZxDQ,@herixamlay1034,Misteri box bang mana.. nungguin mulu,,1,0.741186725802331,0.1284633783167177,0.741186725802331,0.1303498958809513,medium,0.258813274197669,1.0,True,
9-poYwCZxDQ,@fajarnuromadhon4158,Bang rekomendasin  hp xiomi yang 2025 baru mau beli bigung ????????,,1,0.7412599707132466,0.1286984974010679,0.7412599707132466,0.1300415318856854,medium,0.2587400292867534,1.0,True,
9-poYwCZxDQ,@satriapamungkasss,"akhirnyaaa yg aku tunggguuuu, kalian jg nungguin BG davidd review iPhone 17 gaaa?!!!??",,1,0.7415130540385186,0.0798548403714523,0.7415130540385186,0.178632105590029,medium,0.2584869459614813,2.0,True,
9-poYwCZxDQ,@mantotolix,Kalo Selpi 3 orang bang bukan 2 orang,,1,0.7415542208849911,0.1077936911249355,0.7415542208849911,0.1506520879900734,medium,0.2584457791150089,1.0,True,
9-poYwCZxDQ,@mantotolix,Kalo Selpi 3 orang bang bukan 2 orang,,1,0.7415542208849911,0.1077936911249355,0.7415542208849911,0.1506520879900734,medium,0.2584457791150089,1.0,True,
9-poYwCZxDQ,@mokhammaderfan5050,Bang kalau habis unboxing hp nya nggak di jual lagi?,,1,0.7416115579151528,0.0983820434808846,0.7416115579151528,0.1600063986039626,medium,0.2583884420848472,1.0,True,
9-poYwCZxDQ,@RiqiAmir-j4u,"saya ngikuti anda bang, tapi kenapa ada kata kata hijau miskin??<br><br>inget bang semakin diatas semakin menunduklah,,,<br>ttp suport saya ma anda bang,<br>?",,1,0.7417000419275872,0.1166093727888571,0.7417000419275872,0.1416905852835556,medium,0.2582999580724128,1.0,True,
9-poYwCZxDQ,@hsjshjsjsj9681,"masuk guinness world records si bg, jadi orang pertama yang punya ip 17",,1,0.7417660015246137,0.1040452574226629,0.7417660015246137,0.1541887410527233,medium,0.2582339984753863,1.0,True,
9-poYwCZxDQ,@zainulabidin2085,Bang coba bandingkan tipisny ip 17 air dengan ip 8+,,1,0.7425631776851408,0.1093010423149756,0.7425631776851408,0.1481357799998834,medium,0.2574368223148592,1.0,True,
9-poYwCZxDQ,@Penikmat-Suzuki,Iphone 17 Air bang  super slim,,1,0.7434308411956673,0.0833618351103314,0.7434308411956673,0.1732073236940012,medium,0.2565691588043327,1.0,True,
O2xb1lVqUv4,@masdann-96,Duo om om,,1,0.7435496309227181,0.1478747378437446,0.7435496309227181,0.1085756312335371,medium,0.2564503690772819,1.0,True,
9-poYwCZxDQ,@muhammadalmalik4984,Di lap dulu kamera nya bang??,,1,0.743589591350746,0.1069539083504925,0.743589591350746,0.1494565002987614,medium,0.256410408649254,1.0,True,
9-poYwCZxDQ,@ichalflasher,"bang saran saya kalau menampilkan imei hpnya mending di sensor saja, takut nanti ada  yang menyalah gunakan hehe. terima kasih",,1,0.743669831212482,0.1113719431597702,0.743669831212482,0.1449582256277476,medium,0.256330168787518,1.0,True,
9-poYwCZxDQ,@FATAMORGANA_ID,harus bertiga bang klu mau rotate landscape jdi lebar,,1,0.7438393419479724,0.1263688991019475,0.7438393419479724,0.1297917589500799,medium,0.2561606580520276,1.0,True,
9-poYwCZxDQ,@baxel-wy1qz,Bagi dong bang hp nya ??,,1,0.743997889192031,0.1310159902102491,0.743997889192031,0.1249861205977199,medium,0.256002110807969,1.0,True,
9-poYwCZxDQ,@Exalgg411,OM IPHONE OM,,1,0.744083513002449,0.1274900408254397,0.744083513002449,0.1284264461721112,medium,0.255916486997551,1.0,True,
9-poYwCZxDQ,@wilsen_BF,Bang pixel 10 dah rilis tu coba rekomen lah ????,,1,0.7448697732304808,0.1353783407076007,0.7448697732304808,0.1197518860619186,medium,0.2551302267695192,1.0,True,
9-poYwCZxDQ,@Yahyaboy-t2v,Redmi 4 turbo bang,,1,0.7450700272588857,0.0758066563299584,0.7450700272588857,0.1791233164111558,medium,0.2549299727411143,1.0,True,
9-poYwCZxDQ,@doniekas,satu kata DAMN!!!!,,1,0.7451626617956255,0.1042580042044586,0.7451626617956255,0.1505793339999158,medium,0.2548373382043745,1.0,True,
9-poYwCZxDQ,@KiyotakaAyanokouzi-y3o,"Maaf Bang saya mau tanya????,Saya ga sengaja nusuk lobang mic pke sim ejector bahaya ga Bang? Takutnya Ip68-69 ga berfungsi lagi, hp saya Vivo v50.Yg Tau boleh tolong jawab??",,1,0.7453007345045921,0.1052142063793025,0.7453007345045921,0.1494850591161053,medium,0.2546992654954079,1.0,True,
9-poYwCZxDQ,@-MuhammadAslaLabiibBadaly,tuker ama poco M4 Pro ku bang. kotaknya sama. bedanya di semuanya??,,1,0.7455892529395377,0.1064336521694208,0.7455892529395377,0.1479770948910415,medium,0.2544107470604623,1.0,True,
9-poYwCZxDQ,@Sepugim,kapan dijual resmi dan ready di Indonesia? soalnya saya pengen nyobain di Ibox/Digimap nanti ????,,1,0.7458220409584649,0.0831991896616413,0.7458220409584649,0.1709787693798936,medium,0.254177959041535,1.0,True,
9-poYwCZxDQ,@udinnpegi,Yang kangenn gatgerin review misteri box/review barang aneh ??????,,1,0.746031148904991,0.1272140153698958,0.746031148904991,0.1267548357251132,medium,0.253968851095009,1.0,True,
9-poYwCZxDQ,@Wil_liW,Itel s 26 bang,,1,0.7461956185708967,0.110352822738855,0.7461956185708967,0.1434515586902482,medium,0.2538043814291033,1.0,True,
9-poYwCZxDQ,@syiamuradeainvano2239,Masih pagi bang ??,,1,0.7462148847185412,0.1266866314110803,0.7462148847185412,0.1270984838703783,medium,0.2537851152814587,1.0,True,
9-poYwCZxDQ,@Luffy.hijrah,Bang review itel s26 ultra bang,,1,0.7465964760846322,0.1326431068749592,0.7465964760846322,0.1207604170404086,medium,0.2534035239153678,1.0,True,
9-poYwCZxDQ,@AnglerUluhKps,Review Xiaomi 17pro bang??<br>denger2 di China rivalnya iPhone 17pro he??,,1,0.7471734072404501,0.1271857735647799,0.7471734072404501,0.1256408191947699,medium,0.2528265927595499,1.0,True,
9-poYwCZxDQ,@everydayisgabutday9972,Ama poco bagus mana bang?,,1,0.7474093897344615,0.0816004035925967,0.7474093897344615,0.1709902066729418,medium,0.2525906102655385,1.0,True,
9-poYwCZxDQ,@MeeLo2328,"di review negatif pada gasuka, pokoknya harus positif dan sempurna! wkwkwk.",,1,0.748461754600473,0.1145934135537909,0.748461754600473,0.136944831845736,medium,0.2515382453995269,1.0,True,
O2xb1lVqUv4,@chondropython2005,Jagat review mah jagonya soal teknis secara dedengkotnya mantan reviewer majalah chip.,,1,0.7485273294462746,0.126723700359132,0.7485273294462746,0.1247489701945933,medium,0.2514726705537253,1.0,True,
9-poYwCZxDQ,@amstdio.,Bang maaf mau nanya kenapa akhir akhir ini kalau ad hp keluaran baru suka telat nge riview bang?,,1,0.7485769467478449,0.0783457405305006,0.7485769467478449,0.1730773127216543,medium,0.2514230532521551,1.0,True,
9-poYwCZxDQ,@elmuientb4212,Bang bantuin retur di tokopedia dong bang???? kenapa sulit sekali...,,1,0.7494394852921811,0.1232025483769102,0.7494394852921811,0.1273579663309087,medium,0.2505605147078189,1.0,True,
9-poYwCZxDQ,@rinasyara6122,Review pixel lagi dong,,1,0.7494480542229276,0.1258227808442298,0.7494480542229276,0.1247291649328426,medium,0.2505519457770724,1.0,True,
9-poYwCZxDQ,@anasstyd6918,"Dari Sekian banyak reviewers elektronik di indonesia, bahkan di dunia entah kenapa saya tetep nungguin bang david yang review, kaya iphone terbaru ini meskipun di luar negeri udah banyak yang duluan review dan unboxing saya tetep nungguin video update nya bang davit yang review nya",,1,0.7499878892417582,0.0795022649004794,0.7499878892417582,0.1705098458577623,medium,0.2500121107582418,1.0,True,
9-poYwCZxDQ,@Number1One11,harusmasuk 3-4 orang bang biar ke landscap,,1,0.7502526085034724,0.074300592750034,0.7502526085034724,0.1754467987464934,medium,0.2497473914965275,1.0,True,
9-poYwCZxDQ,@Amerisya_usyara333,Tumben gak unboxing di Singapura bang ??,,1,0.7502935966729601,0.1071971948904303,0.7502935966729601,0.1425092084366095,medium,0.2497064033270398,1.0,True,
O2xb1lVqUv4,@gerardende1053,Sdh benar bangat ngundang @gadgedin dan @jagatreview kalau mau bahas soal hp,,1,0.7504253363715481,0.0997043735206733,0.7504253363715481,0.1498702901077784,medium,0.2495746636284519,1.0,True,
9-poYwCZxDQ,@HAIKAL12-v7w,Bang Coba unbox vivo y04,,1,0.750619124358063,0.1300751130484693,0.750619124358063,0.1193057625934677,medium,0.249380875641937,1.0,True,
O2xb1lVqUv4,@tomng-f4f,Helmi termuL Nya jokowi di dengerin .  Gajah bengkak partai nya,,1,0.7512026993881522,0.0797450963289174,0.7512026993881522,0.1690522042829304,medium,0.2487973006118478,1.0,True,
9-poYwCZxDQ,@Zzz.0807,17 air dan 17 promax bang review,,1,0.751448077771941,0.1033505248972233,0.751448077771941,0.1452013973308356,medium,0.248551922228059,1.0,True,
9-poYwCZxDQ,@trikurniawanputra8589,"Bang bang situ udah megang IP 17 pro ,saya malah blm pernah ngerasain punya IP bang??",,1,0.7514797252822776,0.0822008369056678,0.7514797252822776,0.1663194378120545,medium,0.2485202747177224,1.0,True,
9-poYwCZxDQ,@kagura8096,sangat penasaran sama iphone 17 air tapi nunggu bang david review,,1,0.7516624888641503,0.0803872208430555,0.7516624888641503,0.167950290292794,medium,0.2483375111358496,1.0,True,
9-poYwCZxDQ,@elbayslfc5942,Itel s26 bang,,1,0.7520167253634178,0.1069269116484321,0.7520167253634178,0.1410563629881501,medium,0.2479832746365822,1.0,True,
O2xb1lVqUv4,@sopandidariratakan3023,"Obrolan super menarik seputar smartphone bersama ahlinya, Bang Dedy Irvan... ?? Jagat Review channel review HP terbaik ??",,1,0.75216754672586,0.0747433671449787,0.75216754672586,0.1730890861291613,medium,0.24783245327414,1.0,True,
9-poYwCZxDQ,@fajarfamilychanel,Mau bang ?,,1,0.7523392200741927,0.0724913720660878,0.7523392200741927,0.1751694078597193,medium,0.2476607799258072,1.0,True,
9-poYwCZxDQ,@edysantoso7387,Kenapa gak review Huawei Nova 13 pro??,,1,0.7526139494557299,0.079758733095459,0.7526139494557299,0.1676273174488111,medium,0.2473860505442701,1.0,True,
O2xb1lVqUv4,@risti_4688,"Om dedi jagat review, langsung cus nonton ??",,1,0.7527660385313993,0.1223028186273821,0.7527660385313993,0.1249311428412184,medium,0.2472339614686006,1.0,True,
9-poYwCZxDQ,@ahmedseko4412,cocok nih sama casio gshock orange naruto wkwkwk,,1,0.7528056091254648,0.0785714301633386,0.7528056091254648,0.1686229607111966,medium,0.2471943908745352,1.0,True,
9-poYwCZxDQ,@JuremiRere,kayaknya malahan mundur,,1,0.7539439072173298,0.0797369987353734,0.7539439072173298,0.1663190940472967,medium,0.2460560927826701,1.0,True,
9-poYwCZxDQ,@firmanjuma,Maaf bang material ip 17 basic masih pake titanium atau alumium?,,1,0.754025120739116,0.076306340271091,0.754025120739116,0.1696685389897929,medium,0.245974879260884,1.0,True,
9-poYwCZxDQ,@DramaFilm-f2i,Next hp INFINIX GT 30 bang??,,1,0.7540313017463423,0.1085707885208443,0.7540313017463423,0.1373979097328135,medium,0.2459686982536577,1.0,True,
O2xb1lVqUv4,@Dr.Bagass,mantab om jagat review??dan ada chargernya...ada chargernya,,1,0.7542429040190859,0.110214334303943,0.7542429040190859,0.135542761676971,medium,0.2457570959809141,1.0,True,
9-poYwCZxDQ,@bagusslaksana3153,bang tolong review jam/smartwatch harga 1jutaan buat olahraga lari,,1,0.7543907256644198,0.0781181514819828,0.7543907256644198,0.1674911228535972,medium,0.2456092743355802,1.0,True,
9-poYwCZxDQ,@Ardaarx,Bang David coba review Airpods pro 3 dongg,,1,0.75444914363304,0.1006222961019826,0.75444914363304,0.1449285602649774,medium,0.2455508563669599,1.0,True,
9-poYwCZxDQ,@RandomVideo_188,"Camera Control bang namanya, Betul",,1,0.754658903412975,0.0780198845041769,0.754658903412975,0.167321212082848,medium,0.2453410965870249,1.0,True,
9-poYwCZxDQ,@frameUIasiashort,Wah meledak terus video elu bang ??,,1,0.7548390106349154,0.0771192171008914,0.7548390106349154,0.1680417722641931,medium,0.2451609893650845,1.0,True,
9-poYwCZxDQ,@NurKholis-h5h,Bagi satu bang wk,,1,0.7550926861524809,0.0752899009144285,0.7550926861524809,0.1696174129330905,medium,0.244907313847519,1.0,True,
9-poYwCZxDQ,@yusufmaulana4803,Bang review Xiaomi 15 T,,1,0.7552954826220148,0.1260227810847868,0.7552954826220148,0.1186817362931983,medium,0.2447045173779851,1.0,True,
O2xb1lVqUv4,@azismisbatul8554,Daging semua ini pembahasan ??,,1,0.7554314196656101,0.079814273046352,0.7554314196656101,0.1647543072880378,medium,0.2445685803343898,1.0,True,
9-poYwCZxDQ,@kinderjoyhitam7923,bang Unboxing Redmi Turbo 4 pro bang,,1,0.7559555272907335,0.0752685710965749,0.7559555272907335,0.1687759016126917,medium,0.2440444727092665,1.0,True,
9-poYwCZxDQ,@muhammad_putra,Harus 5 orang bang biar landscape??,,1,0.7562284529124526,0.1001934834382133,0.7562284529124526,0.1435780636493342,medium,0.2437715470875474,1.0,True,
9-poYwCZxDQ,@m.althafasytar1534,Bang yg sudah di unboxing dijual bang,,1,0.7563190910611084,0.0753294102415981,0.7563190910611084,0.1683514986972934,medium,0.2436809089388916,1.0,True,
9-poYwCZxDQ,@RehanAntasenaMahendra,bang bagi hpnya,,1,0.7565798616515554,0.0770349350147789,0.7565798616515554,0.1663852033336657,medium,0.2434201383484445,1.0,True,
9-poYwCZxDQ,@esyaaa-u1g9h,Bang coba review Oppo k13 turbo,,1,0.756668584096192,0.1035395312751461,0.756668584096192,0.1397918846286618,medium,0.243331415903808,1.0,True,
9-poYwCZxDQ,@murtywibowo962,Btuh 3 orang bang selfie nya spya landscape,,1,0.7574747717887259,0.0763293164285951,0.7574747717887259,0.1661959117826788,medium,0.2425252282112741,1.0,True,
9-poYwCZxDQ,@YogiVebriyantoprimayana-rx6jg,Bang plis coba unboxing realme c71,,1,0.7575884657159079,0.1024682486269545,0.7575884657159079,0.1399432856571376,medium,0.2424115342840921,1.0,True,
9-poYwCZxDQ,@yantoyanto8664,Bang udah bang ??,,1,0.757598785486147,0.0733666560414361,0.757598785486147,0.1690345584724169,medium,0.242401214513853,1.0,True,
9-poYwCZxDQ,@razmannice,Bang tlong review in proyektor murah2 dong under 500k ada ga,,1,0.7576308738704198,0.1048697359711145,0.7576308738704198,0.1374993901584657,medium,0.2423691261295801,1.0,True,
9-poYwCZxDQ,@NaufalIvanBL,coba foto pake mode manual &amp; format raw bang biar tau kemampuan asli sensor nya,,1,0.7578210723455019,0.1011199048719777,0.7578210723455019,0.1410590227825203,medium,0.2421789276544981,1.0,True,
9-poYwCZxDQ,@recapdramaasik,"Bongkar bang , konten kreator pertama yang bongkar iPhone 17 ?? wkwkk",,1,0.7578919517919401,0.0796415310628547,0.7578919517919401,0.1624665171452051,medium,0.2421080482080598,1.0,True,
9-poYwCZxDQ,@OnlySaryuy,Give away 1 bang ahahah??,,1,0.7581424390284905,0.0713317680339167,0.7581424390284905,0.1705257929375928,medium,0.2418575609715094,1.0,True,
9-poYwCZxDQ,@hudachannel7450,MEIZU 22 BANG,,1,0.7581424390284905,0.0713317680339167,0.7581424390284905,0.1705257929375928,medium,0.2418575609715094,1.0,True,
9-poYwCZxDQ,@imamjalaludin6384,1 lh bang??,,1,0.7581424390284905,0.0713317680339167,0.7581424390284905,0.1705257929375928,medium,0.2418575609715094,1.0,True,
9-poYwCZxDQ,@waysalqorni128,joss bang,,1,0.7581424390284905,0.0713317680339167,0.7581424390284905,0.1705257929375928,medium,0.2418575609715094,1.0,True,
9-poYwCZxDQ,@UmamSTD-v8w,Gercep bang??,,1,0.7581424390284905,0.0713317680339167,0.7581424390284905,0.1705257929375928,medium,0.2418575609715094,1.0,True,
9-poYwCZxDQ,@dickinovriansyah4107,Notif onn bang davidd wkwkw,,1,0.7581424390284905,0.0713317680339167,0.7581424390284905,0.1705257929375928,medium,0.2418575609715094,1.0,True,
9-poYwCZxDQ,@panglimawangkang7956,mntap bang,,1,0.7581424390284905,0.0713317680339167,0.7581424390284905,0.1705257929375928,medium,0.2418575609715094,1.0,True,
9-poYwCZxDQ,@firmanCahSemarang,semangat bang?,,1,0.7581424390284905,0.0713317680339167,0.7581424390284905,0.1705257929375928,medium,0.2418575609715094,1.0,True,
9-poYwCZxDQ,@hidayatkaperbomen7945,Animasi volume bang??,,1,0.7581424390284905,0.0713317680339167,0.7581424390284905,0.1705257929375928,medium,0.2418575609715094,1.0,True,
9-poYwCZxDQ,@syahrullahlahamente6987,"Tecno spark 40 pro plus bang,",,1,0.7582186800283122,0.0802118563786132,0.7582186800283122,0.1615694635930746,medium,0.2417813199716878,1.0,True,
9-poYwCZxDQ,@gigiteeth28,huwaaaaa jadi ga sabar sama video review nyaaa hiksss kapan bakal keluar video reviewnya bang? galau bgt mau ganti 16pro atau 17 yaaa?,,1,0.7588107302740748,0.0783568608226487,0.7588107302740748,0.1628324089032765,medium,0.2411892697259252,1.0,True,
9-poYwCZxDQ,@RyanLiwutang,Mistery box lagi bang,,1,0.7589408086837798,0.0739659125640841,0.7589408086837798,0.167093278752136,medium,0.2410591913162202,1.0,True,
9-poYwCZxDQ,@BangGingsull,Coba review vivo x200 FE bg??,,1,0.7589565984588995,0.1057549920528042,0.7589565984588995,0.1352884094882963,medium,0.2410434015411005,1.0,True,
O2xb1lVqUv4,@tetapsemangat4349,Ngobrol dengan pakarnya jadi daging semua,,1,0.7592915702925599,0.0825685340328623,0.7592915702925599,0.1581398956745777,medium,0.2407084297074401,1.0,True,
9-poYwCZxDQ,@With_Dandi,Huawei GT 6 Pro bang ??,,1,0.759329034386641,0.0785738127496671,0.759329034386641,0.1620971528636918,medium,0.240670965613359,1.0,True,
9-poYwCZxDQ,@CleonBuntaran,bagi hp bang wkwkkw,,1,0.7606795824754491,0.0771456327702647,0.7606795824754491,0.162174784754286,medium,0.2393204175245509,1.0,True,
9-poYwCZxDQ,@rizkoprayoga4904,Bang spil hp vertu,,1,0.7611116578085249,0.1006279584780687,0.7611116578085249,0.1382603837134063,medium,0.2388883421914751,1.0,True,
9-poYwCZxDQ,@Aliuyunmuhammadmaksum,Bang realme bang??,,1,0.7613063941657129,0.0737260453300354,0.7613063941657129,0.1649675605042516,medium,0.2386936058342871,1.0,True,
9-poYwCZxDQ,@chrisloasari,Bang review huawei watch gt 6 udah release,,1,0.7616923622939344,0.0776611895575557,0.7616923622939344,0.1606464481485098,medium,0.2383076377060655,1.0,True,
9-poYwCZxDQ,@ajiprabowo6859,Bang jarang review sony,,1,0.7617445679826231,0.075590290850712,0.7617445679826231,0.1626651411666649,medium,0.2382554320173768,1.0,True,
9-poYwCZxDQ,@ributyulianto386,Bang David review tecno pova curve 5g dong,,1,0.7617607257614306,0.0762133059999707,0.7617607257614306,0.1620259682385985,medium,0.2382392742385694,1.0,True,
9-poYwCZxDQ,@DeniAgus-x1b,BANG RIVEW HUAWEI WACTH GT 6 PRO bang,,1,0.7617979297102592,0.0751498932922979,0.7617979297102592,0.1630521769974429,medium,0.2382020702897408,1.0,True,
9-poYwCZxDQ,@LahManaSayaTau.,Bang bahas iphone 17 yang KW nya,,1,0.7619418076801527,0.0787419023141112,0.7619418076801527,0.159316290005736,medium,0.2380581923198472,1.0,True,
9-poYwCZxDQ,@ichal81channel35,Bang Sony Xperia 10 VII kapan bang,,1,0.7624978946727446,0.1016502436085919,0.7624978946727446,0.1358518617186634,medium,0.2375021053272553,1.0,True,
9-poYwCZxDQ,@RollingBright,Next bahas HDC nya bang??,,1,0.7636328583134495,0.0738453249354115,0.7636328583134495,0.1625218167511389,medium,0.2363671416865504,1.0,True,
9-poYwCZxDQ,@RilanSandika,Bang coba spilin samsung A17 5g,,1,0.7641820049918561,0.0777653503642431,0.7641820049918561,0.1580526446439007,medium,0.2358179950081439,1.0,True,
9-poYwCZxDQ,@Sekawan_skar,bang coba review Samsung galaxy a17 5g????,,1,0.7642022507595889,0.0760717974072302,0.7642022507595889,0.1597259518331809,medium,0.235797749240411,1.0,True,
9-poYwCZxDQ,@mobathespot,kalau mau landscape orangnya harus rame bang coba,,1,0.7651262487028145,0.0763525893752751,0.7651262487028145,0.1585211619219103,medium,0.2348737512971854,1.0,True,
9-poYwCZxDQ,@priyo532,Minta hpnya satu aja bang terserh mrek apa,,1,0.7651416997130246,0.0779848802743562,0.7651416997130246,0.1568734200126191,medium,0.2348583002869754,1.0,True,
9-poYwCZxDQ,@andinizar1234,bang coba review dong iphone 17 pro max,,1,0.7654628743931939,0.0776211882455317,0.7654628743931939,0.1569159373612745,medium,0.234537125606806,1.0,True,
9-poYwCZxDQ,@arifsadikinpurnama7095,bang review hotwav c16 pro,,1,0.7657659239868186,0.0743154251080151,0.7657659239868186,0.1599186509051663,medium,0.2342340760131813,1.0,True,
9-poYwCZxDQ,@arifsadikinpurnama7095,bang review hotwav c16 pro,,1,0.7657659239868186,0.0743154251080151,0.7657659239868186,0.1599186509051663,medium,0.2342340760131813,1.0,True,
9-poYwCZxDQ,@arifsadikinpurnama7095,bang review hotwav c16 pro,,1,0.7657659239868186,0.0743154251080151,0.7657659239868186,0.1599186509051663,medium,0.2342340760131813,1.0,True,
9-poYwCZxDQ,@AlinnaStore-s2j,Review pertama,,1,0.7659868118369217,0.0762515267696756,0.7659868118369217,0.1577616613934026,medium,0.2340131881630782,1.0,True,
O2xb1lVqUv4,@irwanmarwanto,lol.jagat review ngmngya objective,,1,0.7667980986011187,0.0759565187654522,0.7667980986011187,0.1572453826334291,medium,0.2332019013988813,1.0,True,
9-poYwCZxDQ,@ginsgraph,"bang, review xiaomi pad mini",,1,0.7679144104815421,0.0777373390810137,0.7679144104815421,0.1543482504374442,medium,0.2320855895184579,1.0,True,
9-poYwCZxDQ,@Muhammadujang2H,Bang Xioami 17 bang,,1,0.7680192633999148,0.0748798255659961,0.7680192633999148,0.157100911034089,medium,0.2319807366000852,1.0,True,
9-poYwCZxDQ,@benbeckman8820,coba review realme 15 5G bang,,1,0.7681756024961109,0.0763109480468225,0.7681756024961109,0.1555134494570664,medium,0.231824397503889,1.0,True,
9-poYwCZxDQ,@vengeance.2899,bahas samsung a17 bang????,,1,0.76836863578908,0.0754334638067632,0.76836863578908,0.1561979004041566,medium,0.23163136421092,1.0,True,
9-poYwCZxDQ,@KacangTanah21,Hadir bang,,1,0.7693637505148903,0.075112926811909,0.7693637505148903,0.1555233226732006,medium,0.2306362494851097,1.0,True,
9-poYwCZxDQ,@tedinakmeletup,Ngk review Poco f9 bang?,,1,0.7714417771475766,0.0758445979948556,0.7714417771475766,0.1527136248575678,medium,0.2285582228524234,1.0,True,
